,assist_percentage,assists,block_percentage,blocks,box_plus_minus,conference,defensive_box_plus_minus,defensive_rebound_percentage,defensive_rebounds,defensive_win_shares,effective_field_goal_percentage,field_goal_attempts,field_goal_percentage,field_goals,free_throw_attempt_rate,free_throw_attempts,free_throw_percentage,free_throws,games_played,games_started,height,minutes_played,offensive_box_plus_minus,offensive_rebound_percentage,offensive_rebounds,offensive_win_shares,personal_fouls,player_efficiency_rating,player_id,points,points_produced,position,steal_percentage,steals,team_abbreviation,three_point_attempt_rate,three_point_attempts,three_point_percentage,three_pointers,total_rebound_percentage,total_rebounds,true_shooting_percentage,turnover_percentage,turnovers,two_point_attempts,two_point_percentage,two_pointers,usage_percentage,weight,win_shares,win_shares_per_40_minutes,name,team
2022-23,19.1,85.0,2.6,21.0,2.0,acc,1.5,10.8,84.0,1.1,0.467,333.0,0.417,139.0,0.243,81.0,0.889,72.0,,,,948.0,0.5,2.6,21.0,1.0,78.0,16.2,makai-ashton-langford-1,383.0,376.0,Guard,2.8,45.0,boston-college,0.315,105.0,0.314,33.0,6.7,105.0,0.516,15.7,69.0,228.0,0.465,106.0,24.5,,2.1,0.089,Makai Ashton-Langford,Wake Forest
2022-23,16.3,90.0,0.5,5.0,0.3,acc,1.0,8.4,76.0,1.0,0.469,293.0,0.416,122.0,0.352,103.0,0.767,79.0,,,,1094.0,-0.8,3.0,28.0,1.1,78.0,13.4,jaeden-zackery-1,354.0,360.0,Guard,2.6,48.0,boston-college,0.328,96.0,0.323,31.0,5.7,104.0,0.518,16.0,65.0,197.0,0.462,91.0,19.6,,2.1,0.078,Jaeden Zackery,Wake Forest
2022-23,15.2,29.0,4.1,17.0,5.0,acc,0.1,19.6,79.0,0.5,0.596,204.0,0.539,110.0,0.245,50.0,0.86,43.0,,,,489.0,4.8,6.8,28.0,1.5,46.0,25.3,quinten-post-1,286.0,253.0,Forward,0.5,4.0,boston-college,0.265,54.0,0.426,23.0,13.1,107.0,0.628,14.6,39.0,150.0,0.58,87.0,28.8,,2.0,0.164,Quinten Post,Wake Forest
2022-23,10.7,30.0,4.9,24.0,3.1,acc,2.1,16.8,80.0,0.7,0.578,134.0,0.552,74.0,0.44,59.0,0.78,46.0,,,,577.0,1.0,10.1,49.0,1.4,86.0,19.6,devin-mcglockton-1,201.0,206.0,Forward,1.8,17.0,boston-college,0.104,14.0,0.5,7.0,13.4,129.0,0.62,15.6,30.0,120.0,0.558,67.0,17.6,,2.2,0.151,Devin McGlockton,Wake Forest
2022-23,7.7,28.0,1.2,7.0,-0.6,acc,0.4,13.7,79.0,0.6,0.453,192.0,0.349,67.0,0.125,24.0,0.75,18.0,,,,700.0,-1.0,1.4,8.0,0.2,38.0,9.5,mason-madsen-1,192.0,176.0,Guard,1.5,18.0,boston-college,0.688,132.0,0.303,40.0,7.5,87.0,0.472,10.6,24.0,60.0,0.45,27.0,17.1,,0.9,0.05,Mason Madsen,Wake Forest
2022-23,4.7,10.0,1.8,7.0,2.6,acc,0.9,14.4,55.0,0.5,0.566,145.0,0.503,73.0,0.2,29.0,0.414,12.0,,,,463.0,1.6,3.6,14.0,0.6,27.0,16.2,cj-penha-1,176.0,149.0,Forward,2.1,16.0,boston-college,0.414,60.0,0.3,18.0,8.9,69.0,0.554,9.2,16.0,85.0,0.647,55.0,19.9,,1.1,0.097,CJ Penha,Wake Forest
2022-23,12.7,40.0,3.4,18.0,1.3,acc,1.7,22.9,117.0,1.0,0.476,143.0,0.476,68.0,0.378,54.0,0.63,34.0,,,,620.0,-0.5,13.0,68.0,0.5,59.0,17.2,tj-bickerstaff-1,170.0,200.0,Forward,2.8,29.0,boston-college,0.007,1.0,0.0,0.0,17.9,185.0,0.504,20.7,44.0,142.0,0.479,68.0,18.1,,1.6,0.101,T.J. Bickerstaff,Wake Forest
2022-23,5.9,17.0,0.8,4.0,-3.9,acc,-1.0,18.9,89.0,0.6,0.41,167.0,0.371,62.0,0.275,46.0,0.63,29.0,,,,572.0,-2.9,6.0,29.0,-0.2,34.0,9.2,prince-aligbe-1,166.0,164.0,Forward,1.2,11.0,boston-college,0.287,48.0,0.271,13.0,12.4,118.0,0.44,15.6,35.0,119.0,0.412,49.0,20.6,,0.3,0.023,Prince Aligbe,Wake Forest
2022-23,12.5,42.0,1.1,6.0,-2.2,acc,-0.5,8.0,43.0,0.4,0.459,147.0,0.442,65.0,0.238,35.0,0.714,25.0,,,,651.0,-1.8,3.8,21.0,0.2,32.0,9.1,demarr-langfordjr-1,160.0,166.0,Guard,0.9,10.0,boston-college,0.129,19.0,0.263,5.0,5.9,64.0,0.489,18.0,36.0,128.0,0.469,60.0,16.2,,0.6,0.034,DeMarr Langford Jr.,Wake Forest
2022-23,15.5,37.0,1.6,6.0,-3.5,acc,0.1,6.6,24.0,0.3,0.432,95.0,0.347,33.0,0.126,12.0,0.5,6.0,,,,440.0,-3.6,0.8,3.0,-0.2,33.0,5.8,chas-kelley-iii-1,88.0,94.0,Guard,1.5,11.0,boston-college,0.589,56.0,0.286,16.0,3.7,27.0,0.437,20.5,26.0,39.0,0.436,17.0,15.2,,0.1,0.008,Chas Kelley III,Wake Forest
2022-23,8.2,3.0,5.5,3.0,-2.3,acc,0.1,17.1,9.0,0.1,0.3,10.0,0.3,3.0,1.7,17.0,0.294,5.0,,,,64.0,-2.4,11.1,6.0,0.0,6.0,9.0,armani-mighty-1,11.0,15.0,Center,0.9,1.0,boston-college,0.0,0.0,,0.0,14.1,15.0,0.304,5.2,1.0,10.0,0.3,3.0,15.7,,0.0,0.025,Armani Mighty,Wake Forest
2022-23,0.0,0.0,0.0,0.0,-15.3,acc,-2.8,34.7,4.0,0.0,0.5,5.0,0.4,2.0,0.0,0.0,,0.0,,,,14.0,-12.5,0.0,0.0,-0.1,2.0,-1.8,donald-hand-jr-1,5.0,4.0,Guard,0.0,0.0,boston-college,0.4,2.0,0.5,1.0,17.2,4.0,0.5,37.5,3.0,3.0,0.333,1.0,30.1,,0.0,-0.132,Donald Hand Jr.,Wake Forest
2022-23,0.0,0.0,0.0,0.0,236.8,acc,39.8,0.0,0.0,0.0,1.5,1.0,1.0,1.0,0.0,0.0,,0.0,,,,1.0,197.0,0.0,0.0,0.1,0.0,165.8,jonathan-noel-1,3.0,3.0,Center,0.0,0.0,boston-college,1.0,1.0,1.0,1.0,0.0,0.0,1.5,0.0,0.0,0.0,,0.0,52.8,,0.1,2.214,Jonathan Noel,Wake Forest
2022-23,23.2,1.0,0.0,0.0,13.8,acc,5.2,17.4,1.0,0.0,,0.0,,0.0,,2.0,1.0,2.0,,,,7.0,8.6,0.0,0.0,0.0,0.0,24.4,andrew-kenny-1,2.0,2.0,Forward,0.0,0.0,boston-college,,0.0,,0.0,8.6,1.0,1.053,0.0,0.0,0.0,,0.0,7.2,,0.0,0.266,Andrew Kenny,Wake Forest
2022-23,0.0,0.0,0.0,0.0,-30.4,acc,-5.0,60.7,1.0,0.0,0.0,1.0,0.0,0.0,0.0,0.0,,0.0,,,,2.0,-25.4,0.0,0.0,0.0,0.0,-14.7,abe-atiyeh-1,0.0,0.0,Guard,0.0,0.0,boston-college,0.0,0.0,,0.0,30.0,1.0,0.0,0.0,0.0,1.0,0.0,0.0,26.4,,0.0,-0.285,Abe Atiyeh,Wake Forest
2022-23,18.0,1.0,0.0,0.0,-25.9,acc,-5.6,13.5,1.0,0.0,0.0,3.0,0.0,0.0,0.0,0.0,,0.0,,,,9.0,-20.3,0.0,0.0,-0.1,2.0,-19.9,quinn-pemberton-1,0.0,1.0,Guard,0.0,0.0,boston-college,0.667,2.0,0.0,0.0,6.7,1.0,0.0,25.0,1.0,1.0,0.0,0.0,23.4,,-0.1,-0.304,Quinn Pemberton,Wake Forest
2022-23,8.2,47.0,0.3,3.0,8.4,acc,2.1,26.5,267.0,2.2,0.598,338.0,0.482,163.0,0.322,109.0,0.844,92.0,,,,1110.0,6.2,4.8,41.0,3.7,56.0,22.5,tyson-hunter-1,496.0,454.0,Forward,1.6,30.0,clemson,0.562,190.0,0.411,78.0,16.5,308.0,0.636,7.8,33.0,148.0,0.574,85.0,20.2,,5.9,0.211,Hunter Tyson,Wake Forest
2022-23,10.1,32.0,4.7,30.0,8.1,acc,2.3,18.0,123.0,1.5,0.587,338.0,0.538,182.0,0.299,101.0,0.812,82.0,,,,752.0,5.8,8.1,47.0,2.6,70.0,27.7,pj-hall-1,479.0,428.0,Forward,1.6,21.0,clemson,0.237,80.0,0.413,33.0,13.4,170.0,0.621,12.3,54.0,258.0,0.578,149.0,31.1,,4.0,0.215,PJ Hall,Wake Forest
2022-23,28.2,135.0,1.0,8.0,2.4,acc,0.3,9.7,82.0,1.2,0.482,331.0,0.411,136.0,0.314,104.0,0.817,85.0,,,,928.0,2.1,0.8,6.0,1.8,62.0,16.4,chase-hunter-1,404.0,430.0,Guard,1.0,16.0,clemson,0.387,128.0,0.367,47.0,5.6,88.0,0.531,14.6,65.0,203.0,0.438,89.0,25.5,,3.0,0.13,Chase Hunter,Wake Forest
2022-23,14.7,69.0,0.8,6.0,2.8,acc,1.8,8.3,66.0,1.2,0.553,243.0,0.457,111.0,0.325,79.0,0.873,69.0,,,,875.0,1.1,0.7,5.0,1.7,70.0,15.1,brevin-galloway-1,338.0,322.0,Guard,1.7,26.0,clemson,0.56,136.0,0.346,47.0,4.8,71.0,0.602,15.1,50.0,107.0,0.598,64.0,20.1,,2.9,0.134,Brevin Galloway,Wake Forest
2022-23,16.6,57.0,1.5,8.0,3.6,acc,2.5,16.1,91.0,1.0,0.545,132.0,0.515,68.0,0.333,44.0,0.705,31.0,,,,621.0,1.1,7.9,38.0,1.2,61.0,14.9,ian-schieffelin-1,175.0,206.0,Forward,1.0,11.0,clemson,0.189,25.0,0.32,8.0,12.3,129.0,0.572,18.2,34.0,107.0,0.561,60.0,16.0,,2.2,0.139,Ian Schieffelin,Wake Forest
2022-23,7.7,21.0,0.5,2.0,2.9,acc,1.6,7.3,32.0,0.6,0.679,92.0,0.5,46.0,0.174,16.0,0.75,12.0,,,,480.0,1.3,0.8,3.0,0.9,32.0,12.3,alex-hemenway-1,137.0,119.0,Guard,1.1,9.0,clemson,0.761,70.0,0.471,33.0,4.3,35.0,0.688,11.5,13.0,22.0,0.591,13.0,12.5,,1.5,0.126,Alex Hemenway,Wake Forest
2022-23,5.4,11.0,4.2,13.0,2.6,acc,3.7,16.1,53.0,0.8,0.493,73.0,0.493,36.0,0.603,44.0,0.773,34.0,,,,363.0,-1.2,12.8,36.0,0.8,66.0,16.7,ben-middlebrooks-1,106.0,122.0,Forward,2.9,18.0,clemson,0.082,6.0,0.0,0.0,14.6,89.0,0.564,15.3,17.0,67.0,0.537,36.0,16.2,,1.5,0.169,Ben Middlebrooks,Wake Forest
2022-23,7.2,11.0,6.1,15.0,2.1,acc,3.5,16.6,44.0,0.6,0.61,68.0,0.588,40.0,0.382,26.0,0.654,17.0,,,,291.0,-1.4,8.9,20.0,0.4,48.0,16.1,rj-godfrey-1,100.0,100.0,Forward,1.6,8.0,clemson,0.132,9.0,0.333,3.0,13.1,64.0,0.622,22.3,23.0,59.0,0.627,37.0,18.9,,1.0,0.136,RJ Godfrey,Wake Forest
2022-23,11.7,28.0,1.7,6.0,-3.3,acc,2.2,8.1,30.0,0.6,0.396,82.0,0.366,30.0,0.134,11.0,0.636,7.0,,,,406.0,-5.5,0.6,2.0,-0.5,50.0,2.7,josh-beadle-1,72.0,79.0,Guard,1.3,9.0,clemson,0.317,26.0,0.192,5.0,4.7,32.0,0.413,25.6,30.0,56.0,0.446,25.0,15.3,,0.0,0.005,Joshua Beadle,Wake Forest
2022-23,7.8,10.0,1.5,3.0,3.3,acc,1.8,9.7,20.0,0.3,0.59,50.0,0.46,23.0,0.06,3.0,0.667,2.0,,,,228.0,1.5,1.1,2.0,0.3,13.0,11.5,chauncey-wiggins-1,61.0,55.0,Forward,1.0,4.0,clemson,0.62,31.0,0.419,13.0,5.7,22.0,0.593,8.9,5.0,19.0,0.526,10.0,13.1,,0.6,0.11,Chauncey Wiggins,Wake Forest
2022-23,16.8,38.0,0.3,1.0,-1.7,acc,3.1,9.9,33.0,0.5,0.321,53.0,0.302,16.0,0.283,15.0,0.6,9.0,,,,366.0,-4.8,1.4,4.0,-0.3,31.0,4.4,dillon-hunter-1,43.0,63.0,Guard,2.1,13.0,clemson,0.358,19.0,0.105,2.0,6.0,37.0,0.358,26.8,22.0,34.0,0.412,14.0,11.9,,0.3,0.029,Dillon Hunter,Wake Forest
2022-23,37.9,1.0,0.0,0.0,24.7,acc,14.8,15.7,1.0,0.0,1.0,2.0,1.0,2.0,0.0,0.0,,0.0,,,,7.0,9.9,0.0,0.0,0.1,0.0,45.7,matt-kelly-1,4.0,3.0,Guard,8.4,1.0,clemson,0.0,0.0,,0.0,8.5,1.0,1.0,0.0,0.0,2.0,1.0,2.0,15.2,,0.1,0.411,Matt Kelly,Wake Forest
2022-23,30.3,1.0,14.7,1.0,17.8,acc,15.0,41.3,3.0,0.0,0.667,3.0,0.667,2.0,0.0,0.0,,0.0,,,,8.0,2.7,16.1,1.0,0.0,2.0,37.8,daniel-nauseef-1,4.0,4.0,Forward,7.3,1.0,clemson,0.0,0.0,,0.0,29.7,4.0,0.667,25.0,1.0,3.0,0.667,2.0,26.5,,0.1,0.304,Daniel Nauseef,Wake Forest
2022-23,50.3,2.0,0.0,0.0,-7.9,acc,-1.5,18.3,1.0,0.0,0.0,2.0,0.0,0.0,1.0,2.0,0.5,1.0,,,,6.0,-6.5,0.0,0.0,0.0,0.0,6.2,jack-nauseef-1,1.0,2.0,Guard,0.0,0.0,clemson,1.0,2.0,0.0,0.0,9.9,1.0,0.169,0.0,0.0,0.0,,0.0,26.1,,0.0,-0.026,Jack Nauseef,Wake Forest
2022-23,0.0,0.0,0.0,0.0,-29.8,acc,-7.3,13.8,1.0,0.0,0.0,2.0,0.0,0.0,1.0,2.0,0.0,0.0,,,,8.0,-22.6,0.0,0.0,-0.1,0.0,-22.8,devin-foster-2,0.0,0.0,Guard,0.0,0.0,clemson,1.0,2.0,0.0,0.0,7.4,1.0,0.0,25.3,1.0,0.0,,0.0,26.2,,-0.1,-0.379,Devin Foster,Wake Forest
2022-23,10.9,47.0,3.0,26.0,7.2,acc,3.1,24.4,200.0,2.2,0.478,380.0,0.434,165.0,0.418,159.0,0.78,124.0,,,,917.0,4.1,11.0,85.0,2.1,80.0,23.5,kyle-filipowski-1,487.0,465.0,Center,2.5,38.0,duke,0.292,111.0,0.297,33.0,17.9,285.0,0.535,15.3,82.0,269.0,0.491,132.0,30.0,,4.3,0.187,Kyle Filipowski,Wake Forest
2022-23,19.9,92.0,0.0,0.0,2.8,acc,1.5,6.0,49.0,1.2,0.478,323.0,0.418,135.0,0.226,73.0,0.74,54.0,,,,916.0,1.4,2.6,20.0,1.5,49.0,14.1,jeremy-roach-2,363.0,354.0,Guard,1.8,27.0,duke,0.365,118.0,0.331,39.0,4.3,69.0,0.507,14.0,58.0,205.0,0.468,96.0,23.2,,2.7,0.117,Jeremy Roach,Wake Forest
2022-23,20.3,102.0,0.5,4.0,2.7,acc,1.8,10.4,86.0,1.3,0.456,264.0,0.379,100.0,0.239,63.0,0.857,54.0,,,,925.0,0.9,2.0,16.0,1.3,53.0,12.3,tyrese-proctor-1,295.0,306.0,Guard,1.2,18.0,duke,0.496,131.0,0.313,41.0,6.3,102.0,0.502,15.5,54.0,133.0,0.444,59.0,19.2,,2.6,0.113,Tyrese Proctor,Wake Forest
2022-23,8.4,38.0,2.2,18.0,5.2,acc,2.6,13.0,99.0,1.4,0.523,220.0,0.482,106.0,0.377,83.0,0.771,64.0,,,,855.0,2.6,5.7,41.0,1.6,32.0,16.3,mark-mitchell-4,294.0,276.0,Forward,1.5,21.0,duke,0.223,49.0,0.367,18.0,9.4,140.0,0.567,14.2,43.0,171.0,0.515,88.0,18.1,,3.0,0.141,Mark Mitchell,Wake Forest
2022-23,14.9,46.0,3.0,17.0,8.5,acc,3.4,20.5,111.0,1.2,0.69,126.0,0.69,87.0,0.476,60.0,0.8,48.0,,,,607.0,5.1,15.8,81.0,2.3,71.0,25.0,ryan-young-2,222.0,236.0,Guard,1.0,10.0,duke,0.0,0.0,,0.0,18.2,192.0,0.718,18.5,35.0,126.0,0.69,87.0,16.0,,3.4,0.227,Ryan Young,Wake Forest
2022-23,10.5,26.0,0.9,4.0,2.5,acc,1.7,10.8,47.0,0.8,0.509,172.0,0.407,70.0,0.116,20.0,0.85,17.0,,,,487.0,0.9,3.2,13.0,0.5,39.0,12.9,dariq-whitehead-1,192.0,170.0,Forward,1.9,15.0,duke,0.494,85.0,0.412,35.0,7.1,60.0,0.529,15.8,34.0,87.0,0.402,35.0,22.6,,1.3,0.108,Dariq Whitehead,Wake Forest
2022-23,9.8,30.0,12.8,69.0,9.0,acc,6.6,17.2,88.0,1.4,0.66,106.0,0.651,69.0,0.311,33.0,0.636,21.0,,,,574.0,2.5,13.0,63.0,1.6,79.0,23.7,dereck-lively-ii-1,161.0,170.0,Center,1.5,14.0,duke,0.123,13.0,0.154,2.0,15.1,151.0,0.662,14.1,20.0,93.0,0.72,67.0,12.6,,3.0,0.209,Dereck Lively II,Wake Forest
2022-23,15.8,46.0,0.4,2.0,4.3,acc,2.6,11.5,54.0,0.8,0.515,131.0,0.397,52.0,0.122,16.0,0.938,15.0,,,,528.0,1.8,3.1,14.0,1.0,32.0,13.5,jacob-grandison-1,150.0,150.0,Guard,1.5,13.0,duke,0.702,92.0,0.337,31.0,7.4,68.0,0.541,11.5,18.0,39.0,0.538,21.0,15.2,,1.8,0.138,Jacob Grandison,Wake Forest
2022-23,16.8,40.0,1.3,5.0,3.0,acc,4.0,10.2,38.0,0.7,0.435,93.0,0.355,33.0,0.398,37.0,0.649,24.0,,,,417.0,-1.0,2.6,9.0,0.5,40.0,11.6,jaylen-blakes-1,105.0,113.0,Guard,2.6,18.0,duke,0.473,44.0,0.341,15.0,6.5,47.0,0.475,14.0,18.0,49.0,0.367,18.0,15.8,,1.2,0.115,Jaylen Blakes,Wake Forest
2022-23,7.9,4.0,2.3,2.0,3.3,acc,1.4,14.5,12.0,0.1,0.519,26.0,0.385,10.0,0.154,4.0,0.5,2.0,,,,93.0,1.9,2.5,2.0,0.2,3.0,14.6,jaden-schutt-1,29.0,26.0,Guard,0.7,1.0,duke,0.731,19.0,0.368,7.0,8.7,14.0,0.52,0.0,0.0,7.0,0.429,3.0,15.3,,0.4,0.152,Jaden Schutt,Wake Forest
2022-23,5.2,1.0,0.0,0.0,3.3,acc,-1.0,8.4,3.0,0.1,0.7,10.0,0.7,7.0,0.6,6.0,0.667,4.0,,,,40.0,4.3,26.6,9.0,0.2,4.0,26.9,christian-reeves-1,18.0,18.0,Center,1.5,1.0,duke,0.0,0.0,,0.0,17.3,12.0,0.7,18.9,3.0,10.0,0.7,7.0,20.3,,0.2,0.215,Christian Reeves,Wake Forest
2022-23,11.6,2.0,3.4,1.0,-1.5,acc,1.2,14.5,4.0,0.1,0.375,8.0,0.375,3.0,0.375,3.0,0.0,0.0,,,,31.0,-2.6,15.3,4.0,0.0,3.0,10.9,kate-catchings-1,6.0,8.0,Forward,2.0,1.0,duke,0.125,1.0,0.0,0.0,14.8,8.0,0.318,9.6,1.0,7.0,0.429,3.0,17.2,,0.1,0.066,Kale Catchings,Wake Forest
2022-23,0.0,0.0,0.0,0.0,2.5,acc,3.5,56.0,1.0,0.0,,0.0,,0.0,,0.0,,0.0,,,,2.0,-1.0,0.0,0.0,0.0,0.0,8.6,stanley-borden-1,0.0,0.0,Center,0.0,0.0,duke,,0.0,,0.0,28.8,1.0,,,0.0,0.0,,0.0,0.0,,0.0,0.115,Stanley Borden,Wake Forest
2022-23,0.0,0.0,0.0,0.0,-24.3,acc,1.4,12.4,1.0,0.0,0.0,2.0,0.0,0.0,0.0,0.0,,0.0,,,,9.0,-25.7,0.0,0.0,-0.1,2.0,-19.6,spencer-hubbard-1,0.0,0.0,Guard,6.8,1.0,duke,0.5,1.0,0.0,0.0,6.4,1.0,0.0,50.0,2.0,1.0,0.0,0.0,22.7,,-0.1,-0.274,Spencer Hubbard,Wake Forest
2022-23,12.8,2.0,0.0,0.0,-2.0,acc,5.1,9.3,2.0,0.1,0.0,2.0,0.0,0.0,0.0,0.0,,0.0,,,,24.0,-7.1,4.9,1.0,-0.1,2.0,1.5,max-johns-1,0.0,2.0,Guard,5.1,2.0,duke,0.0,0.0,,0.0,7.2,3.0,0.0,50.0,2.0,2.0,0.0,0.0,8.5,,0.0,-0.011,Max Johns,Wake Forest
2022-23,12.2,65.0,1.3,12.0,0.5,acc,-1.0,9.0,81.0,0.2,0.501,390.0,0.385,150.0,0.113,44.0,0.886,39.0,,,,1090.0,1.6,1.4,13.0,1.2,70.0,12.9,darin-greenjr-1,430.0,390.0,Guard,1.6,30.0,florida-state,0.641,250.0,0.364,91.0,5.2,94.0,0.523,11.2,52.0,140.0,0.421,59.0,21.8,,1.3,0.049,Darin Green Jr.,Wake Forest
2022-23,24.1,110.0,2.3,19.0,2.4,acc,0.5,10.0,79.0,0.4,0.455,334.0,0.41,137.0,0.401,134.0,0.836,112.0,,,,948.0,1.9,2.1,17.0,1.5,71.0,17.5,caleb-mills-1,416.0,424.0,Guard,2.6,43.0,florida-state,0.305,102.0,0.294,30.0,6.1,96.0,0.523,15.0,70.0,232.0,0.461,107.0,25.3,,1.9,0.081,Caleb Mills,Wake Forest
2022-23,11.2,53.0,2.7,24.0,0.2,acc,-0.3,21.6,181.0,0.6,0.475,353.0,0.445,157.0,0.329,116.0,0.69,80.0,,,,1009.0,0.5,5.0,42.0,0.9,56.0,16.0,matthew-cleveland-1,415.0,396.0,Guard,1.4,25.0,florida-state,0.17,60.0,0.35,21.0,13.3,223.0,0.508,13.9,66.0,293.0,0.464,136.0,24.1,,1.5,0.06,Matthew Cleveland,Wake Forest
2022-23,4.5,17.0,1.5,10.0,-1.3,acc,-1.2,9.8,62.0,0.1,0.568,183.0,0.546,100.0,0.393,72.0,0.792,57.0,,,,763.0,-0.1,8.0,51.0,1.4,88.0,14.4,cameron-corhen-1,265.0,251.0,Forward,1.1,14.0,florida-state,0.164,30.0,0.267,8.0,8.9,113.0,0.61,14.9,38.0,153.0,0.601,92.0,17.2,,1.5,0.079,Cameron Corhen,Wake Forest
2022-23,21.7,105.0,0.6,5.0,0.4,acc,0.8,8.5,63.0,0.3,0.523,155.0,0.49,76.0,0.542,84.0,0.679,57.0,,,,892.0,-0.4,4.0,30.0,1.3,66.0,13.7,jalen-warley-1,219.0,257.0,Guard,2.7,41.0,florida-state,0.2,31.0,0.323,10.0,6.3,93.0,0.562,20.4,50.0,124.0,0.532,66.0,14.1,,1.6,0.07,Jalen Warley,Wake Forest
2022-23,7.8,11.0,2.4,6.0,0.9,acc,0.3,24.1,58.0,0.3,0.466,104.0,0.394,41.0,0.173,18.0,0.611,11.0,,,,290.0,0.5,7.0,17.0,0.0,25.0,14.3,camron-fletcher-1,108.0,103.0,Forward,2.6,13.0,florida-state,0.433,45.0,0.333,15.0,15.5,75.0,0.48,15.1,20.0,59.0,0.441,26.0,23.5,,0.3,0.043,Cam'Ron Fletcher,Wake Forest
2022-23,2.7,5.0,10.4,33.0,-0.6,acc,0.4,14.1,43.0,0.2,0.547,86.0,0.547,47.0,0.372,32.0,0.406,13.0,,,,368.0,-1.0,10.4,32.0,0.4,31.0,15.5,naheem-mcleod-1,107.0,106.0,Center,0.2,1.0,florida-state,0.0,0.0,,0.0,12.2,75.0,0.529,12.2,14.0,86.0,0.547,47.0,16.1,,0.6,0.061,Naheem McLeod,Wake Forest
2022-23,20.6,38.0,1.6,5.0,0.5,acc,1.3,9.2,27.0,0.2,0.467,92.0,0.402,37.0,0.272,25.0,0.76,19.0,,,,353.0,-0.8,4.1,12.0,0.3,43.0,13.3,chandler-jackson-1,105.0,115.0,Guard,3.1,19.0,florida-state,0.348,32.0,0.375,12.0,6.6,39.0,0.505,16.8,21.0,60.0,0.417,25.0,18.2,,0.5,0.06,Chandler Jackson,Wake Forest
2022-23,8.9,12.0,3.1,7.0,-3.2,acc,-0.2,21.4,46.0,0.2,0.535,57.0,0.474,27.0,0.175,10.0,0.3,3.0,,,,259.0,-3.1,4.1,9.0,-0.1,27.0,9.0,baba-miller-1,64.0,62.0,Forward,1.3,6.0,florida-state,0.491,28.0,0.25,7.0,12.7,55.0,0.518,25.4,21.0,29.0,0.69,20.0,16.4,,0.0,0.008,Baba Miller,Wake Forest
2022-23,9.2,12.0,0.5,1.0,-4.7,acc,-1.8,8.9,17.0,0.0,0.333,54.0,0.241,13.0,0.222,12.0,0.75,9.0,,,,230.0,-3.0,2.6,5.0,-0.1,12.0,4.3,tom-house-1,45.0,48.0,Guard,0.8,3.0,florida-state,0.759,41.0,0.244,10.0,5.7,22.0,0.377,11.8,8.0,13.0,0.231,3.0,15.1,,-0.1,-0.024,Tom House,Wake Forest
2022-23,2.5,2.0,2.3,3.0,-4.0,acc,-0.4,15.1,19.0,0.0,0.667,24.0,0.583,14.0,0.417,10.0,0.4,4.0,,,,152.0,-3.6,3.1,4.0,0.0,24.0,7.5,deante-green-1,36.0,31.0,Forward,0.8,2.0,florida-state,0.417,10.0,0.4,4.0,9.1,23.0,0.626,23.8,9.0,14.0,0.714,10.0,12.7,,0.1,0.023,De'Ante Green,Wake Forest
2022-23,0.0,0.0,0.0,0.0,-3.3,acc,-1.4,6.3,1.0,0.0,1.0,2.0,1.0,2.0,1.0,2.0,1.0,2.0,,,,19.0,-1.9,6.3,1.0,0.1,4.0,12.7,sola-adebisi-1,6.0,5.0,Forward,0.0,0.0,florida-state,0.0,0.0,,0.0,6.3,2.0,1.017,25.3,1.0,2.0,1.0,2.0,10.7,,0.0,0.103,Sola Adebisi,Wake Forest
2022-23,0.0,0.0,0.0,0.0,-12.9,acc,-8.0,0.0,0.0,0.0,0.3,5.0,0.2,1.0,0.0,0.0,,0.0,,,,10.0,-4.9,0.0,0.0,0.0,0.0,-2.0,isaac-spainhour-1,3.0,3.0,Guard,0.0,0.0,florida-state,0.8,4.0,0.25,1.0,0.0,0.0,0.3,0.0,0.0,1.0,0.0,0.0,25.7,,0.0,-0.125,Isaac Spainhour,Wake Forest
2022-23,0.0,0.0,0.0,0.0,1.3,acc,3.7,60.3,1.0,0.0,,0.0,,0.0,,0.0,,0.0,,,,2.0,-2.3,0.0,0.0,0.0,0.0,8.2,michael-brown-15,0.0,0.0,Forward,0.0,0.0,florida-state,,0.0,,0.0,30.0,1.0,,,0.0,0.0,,0.0,0.0,,0.0,0.065,Michael Brown,Wake Forest
2022-23,0.0,0.0,0.0,0.0,-30.7,acc,-8.2,40.2,2.0,0.0,0.0,1.0,0.0,0.0,0.0,0.0,,0.0,,,,6.0,-22.5,0.0,0.0,-0.1,0.0,-22.4,rj-morris-1,0.0,0.0,Guard,0.0,0.0,florida-state,0.0,0.0,,0.0,20.0,2.0,0.0,66.7,2.0,1.0,0.0,0.0,25.7,,-0.1,-0.427,R.J. Morris,Wake Forest
2022-23,0.0,0.0,0.0,0.0,0.8,acc,-3.1,0.0,0.0,0.0,,0.0,,0.0,,0.0,,0.0,,,,4.0,4.0,29.9,1.0,0.0,0.0,11.2,max-thorpe-1,0.0,1.0,Guard,0.0,0.0,florida-state,,0.0,,0.0,15.0,1.0,,,0.0,0.0,,0.0,0.0,,0.0,0.073,Max Thorpe,Wake Forest
2022-23,0.0,0.0,0.0,0.0,-11.4,acc,-0.1,17.2,1.0,0.0,,0.0,,0.0,,0.0,,0.0,,,,7.0,-11.4,0.0,0.0,0.0,2.0,-2.4,cleveland-yates-1,0.0,0.0,Guard,0.0,0.0,florida-state,,0.0,,0.0,8.6,1.0,,,0.0,0.0,,0.0,0.0,,0.0,0.005,Cleveland Yates,Wake Forest
2022-23,8.2,43.0,0.2,2.0,1.0,acc,-0.5,10.9,102.0,0.8,0.52,407.0,0.41,167.0,0.145,59.0,0.898,53.0,,,,1070.0,1.5,1.0,10.0,1.7,71.0,14.4,miles-kelly-1,476.0,405.0,Guard,1.3,24.0,georgia-tech,0.577,235.0,0.379,89.0,5.9,112.0,0.547,10.1,49.0,172.0,0.453,78.0,23.1,,2.5,0.093,Miles Kelly,Wake Forest
2022-23,7.8,44.0,1.0,10.0,-1.4,acc,0.0,9.2,83.0,0.8,0.48,274.0,0.376,103.0,0.27,74.0,0.689,51.0,,,,1032.0,-1.4,1.5,14.0,0.9,73.0,10.3,dallan-coleman-1,314.0,285.0,Guard,1.5,26.0,georgia-tech,0.639,175.0,0.326,57.0,5.3,97.0,0.508,11.2,39.0,99.0,0.465,46.0,17.2,,1.6,0.064,Dallan Coleman,Wake Forest
2022-23,15.8,69.0,6.3,52.0,7.7,acc,3.6,20.6,157.0,1.6,0.591,215.0,0.591,127.0,0.4,86.0,0.651,56.0,,,,874.0,4.0,12.8,102.0,2.6,70.0,26.2,javon-franklin-1,310.0,340.0,Forward,3.1,46.0,georgia-tech,0.014,3.0,0.0,0.0,16.6,259.0,0.606,13.5,40.0,212.0,0.599,127.0,17.3,,4.2,0.193,Javon Franklin,Wake Forest
2022-23,8.1,36.0,0.7,6.0,-0.9,acc,0.0,9.0,67.0,0.6,0.514,252.0,0.421,106.0,0.171,43.0,0.814,35.0,,,,857.0,-0.9,1.9,15.0,1.2,59.0,12.4,lance-terry-1,294.0,261.0,Guard,1.2,18.0,georgia-tech,0.48,121.0,0.388,47.0,5.4,82.0,0.54,9.0,27.0,131.0,0.45,59.0,17.8,,1.8,0.085,Lance Terry,Wake Forest
2022-23,27.1,110.0,0.4,3.0,-1.2,acc,-0.4,10.0,69.0,0.7,0.462,262.0,0.393,103.0,0.225,59.0,0.695,41.0,,,,788.0,-0.8,1.0,7.0,0.8,60.0,13.2,kyle-sturdivant-1,283.0,297.0,Guard,1.8,24.0,georgia-tech,0.427,112.0,0.321,36.0,5.4,76.0,0.488,15.5,53.0,150.0,0.447,67.0,22.2,,1.4,0.072,Kyle Sturdivant,Wake Forest
2022-23,7.7,26.0,4.5,28.0,-0.5,acc,0.7,15.8,91.0,0.9,0.441,204.0,0.431,88.0,0.456,93.0,0.688,64.0,,,,658.0,-1.3,9.8,59.0,0.6,60.0,16.6,jalon-moore-1,244.0,248.0,Forward,2.0,22.0,georgia-tech,0.172,35.0,0.114,4.0,12.8,150.0,0.492,14.8,43.0,169.0,0.497,84.0,22.6,,1.5,0.09,Jalon Moore,Wake Forest
2022-23,29.5,89.0,2.8,16.0,4.4,acc,2.6,20.4,106.0,0.9,0.428,208.0,0.399,83.0,0.139,29.0,0.448,13.0,,,,596.0,1.9,5.3,29.0,0.5,42.0,16.6,deivon-smith-1,191.0,222.0,Guard,2.2,22.0,georgia-tech,0.221,46.0,0.261,12.0,12.7,135.0,0.431,12.6,32.0,162.0,0.438,71.0,21.7,,1.3,0.089,Deivon Smith,Wake Forest
2022-23,12.3,28.0,3.0,12.0,-1.3,acc,0.5,14.7,55.0,0.4,0.545,88.0,0.545,48.0,0.216,19.0,0.579,11.0,,,,428.0,-1.9,12.3,48.0,0.5,45.0,14.2,rodney-howard-1,107.0,126.0,Center,1.0,7.0,georgia-tech,0.0,0.0,,0.0,13.5,103.0,0.551,23.6,30.0,88.0,0.545,48.0,15.2,,0.9,0.083,Rodney Howard,Wake Forest
2022-23,13.2,15.0,0.5,1.0,-5.6,acc,-0.7,7.7,14.0,0.2,0.331,80.0,0.263,21.0,0.138,11.0,0.636,7.0,,,,208.0,-4.9,2.1,4.0,-0.2,21.0,4.4,tristan-maxwell-1,60.0,61.0,Guard,1.7,6.0,georgia-tech,0.45,36.0,0.306,11.0,4.8,18.0,0.352,9.6,9.0,44.0,0.227,10.0,23.1,,-0.1,-0.017,Tristan Maxwell,Wake Forest
2022-23,0.0,0.0,0.0,0.0,-5.2,acc,-2.8,0.0,0.0,0.0,0.5,8.0,0.375,3.0,0.0,0.0,,0.0,,,,26.0,-2.4,0.0,0.0,0.0,3.0,5.6,freds-bagatskis-1,8.0,6.0,Forward,0.0,0.0,georgia-tech,0.75,6.0,0.333,2.0,0.0,0.0,0.5,0.0,0.0,2.0,0.5,1.0,15.7,,0.0,0.04,Freds Bagatskis,Wake Forest
2022-23,0.0,0.0,0.0,0.0,-30.3,acc,-8.4,25.4,4.0,0.0,0.286,7.0,0.286,2.0,0.286,2.0,0.5,1.0,,,,18.0,-21.9,12.2,2.0,-0.1,2.0,-6.6,cyril-martynov-1,5.0,5.0,Center,0.0,0.0,georgia-tech,0.0,0.0,,0.0,18.7,6.0,0.314,33.5,4.0,7.0,0.286,2.0,33.9,,-0.1,-0.218,Cyril Martynov,Wake Forest
2022-23,3.1,1.0,7.9,4.0,-4.4,acc,2.6,19.4,9.0,0.1,0.286,7.0,0.286,2.0,0.0,0.0,,0.0,,,,53.0,-7.0,12.4,6.0,0.0,13.0,8.7,jordan-meka-1,4.0,7.0,Forward,2.2,2.0,georgia-tech,0.0,0.0,,0.0,15.8,15.0,0.286,12.5,1.0,7.0,0.286,2.0,7.7,,0.1,0.071,Jordan Meka,Wake Forest
2022-23,28.4,1.0,0.0,0.0,-4.9,acc,-4.0,0.0,0.0,0.0,0.375,4.0,0.25,1.0,0.0,0.0,,0.0,,,,7.0,-0.9,0.0,0.0,0.0,2.0,-4.5,coleman-boyd-1,3.0,3.0,Guard,0.0,0.0,georgia-tech,0.75,3.0,0.333,1.0,0.0,0.0,0.375,20.0,1.0,1.0,0.0,0.0,36.5,,0.0,-0.113,Coleman Boyd,Wake Forest
2022-23,0.0,0.0,0.0,0.0,-35.1,acc,-3.2,0.0,0.0,0.0,1.0,1.0,1.0,1.0,0.0,0.0,,0.0,,,,5.0,-32.0,0.0,0.0,0.0,2.0,1.0,jermontae-hill-1,2.0,1.0,Forward,0.0,0.0,georgia-tech,0.0,0.0,,0.0,0.0,0.0,1.0,50.0,1.0,1.0,1.0,1.0,20.4,,0.0,-0.062,Jermontae Hill,Wake Forest
2022-23,22.1,1.0,0.0,0.0,-17.4,acc,-1.9,49.1,3.0,0.0,0.0,2.0,0.0,0.0,1.0,2.0,0.0,0.0,,,,7.0,-15.6,15.7,1.0,0.0,1.0,-2.7,brayden-daniels-1,0.0,1.0,Guard,0.0,0.0,georgia-tech,0.5,1.0,0.0,0.0,32.0,4.0,0.0,0.0,0.0,1.0,0.0,0.0,21.5,,0.0,-0.141,Brayden Daniels,Wake Forest
2022-23,30.7,140.0,0.2,2.0,-0.1,acc,-2.4,7.8,74.0,0.0,0.474,461.0,0.41,189.0,0.343,158.0,0.81,128.0,,,,1152.0,2.4,1.1,10.0,1.6,52.0,16.4,el-ellis-2,565.0,574.0,Guard,1.6,31.0,louisville,0.401,185.0,0.319,59.0,4.5,84.0,0.527,18.3,120.0,276.0,0.471,130.0,29.8,,1.6,0.056,El Ellis,Wake Forest
2022-23,7.6,34.0,1.4,12.0,-1.4,acc,-1.1,10.0,82.0,0.0,0.528,234.0,0.453,106.0,0.41,96.0,0.781,75.0,,,,993.0,-0.2,2.7,22.0,1.0,78.0,11.4,mike-james-4,322.0,300.0,Guard,1.0,17.0,louisville,0.419,98.0,0.357,35.0,6.4,104.0,0.576,18.9,65.0,136.0,0.522,71.0,18.2,,1.0,0.042,Michael James,Wake Forest
2022-23,7.1,25.0,1.9,13.0,-1.3,acc,-0.4,22.2,146.0,0.5,0.522,224.0,0.433,97.0,0.304,68.0,0.735,50.0,,,,800.0,-0.9,3.7,24.0,0.3,78.0,12.7,jaelyn-withers-1,284.0,262.0,Forward,1.6,22.0,louisville,0.429,96.0,0.417,40.0,13.0,170.0,0.554,21.7,71.0,128.0,0.445,57.0,21.4,,0.8,0.039,Jae'lyn Withers,Wake Forest
2022-23,5.5,20.0,2.2,16.0,-0.3,acc,-1.0,12.0,81.0,0.1,0.534,192.0,0.474,91.0,0.115,22.0,0.727,16.0,,,,818.0,0.7,6.0,40.0,0.9,47.0,12.2,jj-traynor-1,221.0,212.0,Forward,0.9,13.0,louisville,0.38,73.0,0.315,23.0,9.0,121.0,0.546,13.6,32.0,119.0,0.571,68.0,15.0,,1.0,0.047,JJ Traynor,Wake Forest
2022-23,8.1,26.0,0.7,4.0,-3.0,acc,-0.8,9.6,53.0,0.1,0.403,175.0,0.326,57.0,0.32,56.0,0.875,49.0,,,,674.0,-2.1,1.5,8.0,0.2,45.0,8.7,kamari-lands-1,190.0,182.0,Forward,1.7,19.0,louisville,0.48,84.0,0.321,27.0,5.5,61.0,0.471,13.7,32.0,91.0,0.33,30.0,18.2,,0.3,0.017,Kamari Lands,Wake Forest
2022-23,5.3,15.0,3.3,18.0,-1.5,acc,0.0,18.0,91.0,0.3,0.492,127.0,0.472,60.0,0.378,48.0,0.75,36.0,,,,615.0,-1.5,7.6,38.0,0.2,45.0,12.0,brandon-huntley-hatfield-1,161.0,164.0,Forward,1.5,15.0,louisville,0.142,18.0,0.278,5.0,12.8,129.0,0.537,23.5,46.0,109.0,0.505,55.0,16.7,,0.5,0.031,Brandon Huntley-Hatfield,Wake Forest
2022-23,4.4,11.0,1.6,8.0,-3.6,acc,-1.3,19.5,90.0,0.2,0.533,120.0,0.533,64.0,0.458,55.0,0.527,29.0,,,,561.0,-2.3,10.3,47.0,0.4,69.0,12.1,sydney-curry-1,157.0,161.0,Forward,0.9,8.0,louisville,0.0,0.0,,0.0,14.9,137.0,0.537,20.2,37.0,120.0,0.533,64.0,17.1,,0.5,0.039,Sydney Curry,Wake Forest
2022-23,12.2,12.0,0.6,1.0,-3.5,acc,-1.1,10.9,18.0,0.0,0.337,49.0,0.286,14.0,0.449,22.0,0.682,15.0,,,,201.0,-2.4,7.3,12.0,0.0,22.0,7.5,hercy-miller-1,48.0,55.0,Guard,1.2,4.0,louisville,0.469,23.0,0.217,5.0,9.1,30.0,0.404,14.4,10.0,26.0,0.346,9.0,18.1,,0.0,0.001,Hercy Miller,Wake Forest
2022-23,2.7,3.0,2.6,5.0,-4.3,acc,-0.3,15.1,27.0,0.1,0.375,32.0,0.375,12.0,0.563,18.0,0.333,6.0,,,,218.0,-4.0,12.4,22.0,-0.1,33.0,6.8,roosevelt-wheeler-1,30.0,39.0,Forward,1.4,5.0,louisville,0.031,1.0,0.0,0.0,13.7,49.0,0.37,16.5,8.0,31.0,0.387,12.0,11.7,,0.0,0.003,Roosevelt Wheeler,Wake Forest
2022-23,14.9,10.0,0.8,1.0,-6.3,acc,2.1,15.9,18.0,0.1,0.311,37.0,0.27,10.0,0.189,7.0,0.571,4.0,,,,138.0,-8.4,4.5,5.0,-0.3,28.0,3.9,fabio-basili-1,27.0,32.0,Guard,3.9,9.0,louisville,0.378,14.0,0.214,3.0,10.2,23.0,0.335,21.4,11.0,23.0,0.304,7.0,19.5,,-0.1,-0.043,Fabio Basili,Wake Forest
2022-23,6.2,2.0,10.8,7.0,-6.1,acc,-1.2,18.1,11.0,0.0,0.452,21.0,0.429,9.0,0.238,5.0,0.6,3.0,,,,74.0,-4.9,16.6,10.0,0.0,17.0,14.0,emmanuel-okorafor-1,22.0,25.0,Forward,0.0,0.0,louisville,0.048,1.0,1.0,1.0,17.3,21.0,0.471,17.6,5.0,20.0,0.4,8.0,20.1,,0.1,0.047,Emmanuel Okorafor,Wake Forest
2022-23,0.0,0.0,5.1,3.0,-4.7,acc,-0.1,16.3,9.0,0.0,0.353,17.0,0.294,5.0,0.118,2.0,1.0,2.0,,,,67.0,-4.6,1.8,1.0,-0.1,3.0,4.7,devin-ree-1,14.0,13.0,Forward,1.8,2.0,louisville,0.647,11.0,0.182,2.0,9.1,10.0,0.39,21.8,5.0,6.0,0.5,3.0,17.9,,-0.1,-0.054,Devin Ree,Wake Forest
2022-23,2.3,1.0,0.0,0.0,-6.1,acc,-1.9,10.6,7.0,0.0,0.25,8.0,0.25,2.0,0.25,2.0,0.5,1.0,,,,80.0,-4.2,10.7,7.0,0.0,10.0,2.7,zan-payne-1,5.0,9.0,Guard,0.0,0.0,louisville,0.375,3.0,0.0,0.0,10.7,14.0,0.279,10.1,1.0,5.0,0.4,2.0,6.5,,0.0,-0.012,Zan Payne,Wake Forest
2022-23,0.0,0.0,0.0,0.0,-3.7,acc,2.3,30.4,1.0,0.0,,0.0,,0.0,,0.0,,0.0,,,,4.0,-6.0,0.0,0.0,0.0,0.0,4.2,aidan-mccool-1,0.0,0.0,Guard,0.0,0.0,louisville,,0.0,,0.0,15.3,1.0,,,0.0,0.0,,0.0,0.0,,0.0,0.015,Aidan McCool,Wake Forest
2022-23,0.0,0.0,0.0,0.0,-26.0,acc,-9.2,0.0,0.0,0.0,0.0,3.0,0.0,0.0,0.0,0.0,,0.0,,,,7.0,-16.9,0.0,0.0,-0.1,0.0,-19.8,ashton-myles-devore-1,0.0,0.0,Guard,0.0,0.0,louisville,0.333,1.0,0.0,0.0,0.0,0.0,0.0,0.0,0.0,2.0,0.0,0.0,22.5,,-0.1,-0.34,Ashton Myles-Devore,Wake Forest
2022-23,18.4,108.0,1.5,14.0,5.8,acc,1.3,11.5,102.0,1.1,0.522,356.0,0.449,160.0,0.416,148.0,0.831,123.0,,,,1035.0,4.6,3.8,32.0,3.3,60.0,21.4,isaiah-wong-1,495.0,495.0,Guard,2.4,43.0,miami-fl,0.385,137.0,0.38,52.0,7.8,134.0,0.581,13.1,64.0,219.0,0.493,108.0,23.9,,4.4,0.171,Isaiah Wong,Wake Forest
2022-23,14.2,84.0,0.9,9.0,7.1,acc,1.3,13.5,124.0,1.2,0.582,340.0,0.538,183.0,0.288,98.0,0.776,76.0,,,,1072.0,5.8,7.8,67.0,3.8,48.0,23.0,jordan-miller-2,472.0,471.0,Guard,2.3,42.0,miami-fl,0.244,83.0,0.361,30.0,10.7,191.0,0.611,10.0,43.0,257.0,0.595,153.0,20.2,,5.0,0.187,Jordan Miller,Wake Forest
2022-23,8.2,40.0,5.0,42.0,5.7,acc,1.4,25.3,197.0,1.5,0.6,286.0,0.591,169.0,0.455,130.0,0.715,93.0,,,,910.0,4.3,15.5,113.0,3.2,96.0,26.8,norchad-omier-1,436.0,442.0,Forward,2.0,32.0,miami-fl,0.052,15.0,0.333,5.0,20.5,310.0,0.627,15.5,64.0,271.0,0.605,164.0,22.8,,4.7,0.207,Norchad Omier,Wake Forest
2022-23,14.2,73.0,0.6,5.0,3.7,acc,0.3,8.0,62.0,0.7,0.545,321.0,0.436,140.0,0.121,39.0,0.872,34.0,,,,905.0,3.5,2.3,17.0,1.9,46.0,16.1,nijel-pack-1,384.0,359.0,Guard,1.8,28.0,miami-fl,0.542,174.0,0.402,70.0,5.3,79.0,0.565,13.1,51.0,147.0,0.476,70.0,21.8,,2.6,0.117,Nijel Pack,Wake Forest
2022-23,10.4,44.0,1.2,8.0,3.5,acc,2.3,14.5,89.0,0.9,0.558,199.0,0.477,95.0,0.186,37.0,0.865,32.0,,,,716.0,1.2,2.3,13.0,1.3,65.0,16.0,wooga-poplar-1,254.0,236.0,Guard,2.9,36.0,miami-fl,0.402,80.0,0.4,32.0,8.6,102.0,0.586,14.3,36.0,119.0,0.529,63.0,17.8,,2.2,0.125,Wooga Poplar,Wake Forest
2022-23,15.8,64.0,1.9,11.0,1.6,acc,1.1,10.4,57.0,0.6,0.535,128.0,0.422,54.0,0.266,34.0,0.765,26.0,,,,638.0,0.5,2.0,10.0,0.8,51.0,11.3,bensley-joseph-1,163.0,176.0,Guard,1.5,17.0,miami-fl,0.594,76.0,0.382,29.0,6.3,67.0,0.565,21.7,40.0,52.0,0.481,25.0,14.6,,1.3,0.083,Bensley Joseph,Wake Forest
2022-23,15.5,37.0,0.6,2.0,2.4,acc,2.0,9.9,33.0,0.4,0.546,87.0,0.483,42.0,0.345,30.0,0.8,24.0,,,,389.0,0.4,1.0,3.0,0.5,20.0,13.9,harlond-beverly-1,119.0,120.0,Guard,2.8,19.0,miami-fl,0.414,36.0,0.306,11.0,5.6,36.0,0.588,21.1,27.0,51.0,0.608,31.0,16.6,,0.9,0.098,Harlond Beverly,Wake Forest
2022-23,4.9,9.0,1.1,3.0,-2.8,acc,-0.2,10.3,27.0,0.3,0.458,83.0,0.446,37.0,0.205,17.0,0.647,11.0,,,,306.0,-2.6,4.5,11.0,0.2,25.0,9.6,anthony-walker-7,87.0,83.0,Forward,1.5,8.0,miami-fl,0.229,19.0,0.105,2.0,7.5,38.0,0.478,12.5,13.0,64.0,0.547,35.0,17.2,,0.4,0.055,Anthony Walker,Wake Forest
2022-23,3.7,4.0,4.0,6.0,-0.4,acc,0.9,13.7,19.0,0.1,0.405,21.0,0.381,8.0,0.571,12.0,0.667,8.0,,,,162.0,-1.3,8.5,11.0,0.2,18.0,8.4,aj-casey-1,25.0,31.0,Forward,0.0,0.0,miami-fl,0.381,8.0,0.125,1.0,11.2,30.0,0.468,10.1,3.0,13.0,0.538,7.0,9.2,,0.3,0.075,AJ Casey,Wake Forest
2022-23,5.0,1.0,0.0,0.0,-6.3,acc,-4.5,9.7,3.0,0.0,0.441,17.0,0.353,6.0,0.294,5.0,0.4,2.0,,,,36.0,-1.8,6.9,2.0,0.0,2.0,11.4,christian-watson-1,17.0,16.0,Guard,0.0,0.0,miami-fl,0.412,7.0,0.429,3.0,8.4,5.0,0.439,4.9,1.0,10.0,0.3,3.0,28.6,,0.1,0.056,Christian Watson,Wake Forest
2022-23,0.0,0.0,5.7,2.0,-9.3,acc,0.7,12.3,4.0,0.1,0.429,7.0,0.429,3.0,1.0,7.0,0.429,3.0,,,,38.0,-10.1,13.1,4.0,0.0,12.0,7.0,favour-aire-1,9.0,10.0,Center,3.0,2.0,miami-fl,0.0,0.0,,0.0,12.7,8.0,0.436,22.5,3.0,7.0,0.429,3.0,17.7,,0.0,0.043,Favour Aire,Wake Forest
2022-23,10.2,1.0,7.2,1.0,0.0,acc,0.2,0.0,0.0,0.0,1.0,1.0,1.0,1.0,0.0,0.0,,0.0,,,,15.0,-0.1,0.0,0.0,0.0,0.0,8.2,jakai-robinson-1,2.0,2.0,Guard,0.0,0.0,miami-fl,0.0,0.0,,0.0,0.0,0.0,1.0,50.0,1.0,1.0,1.0,1.0,6.7,,0.0,0.032,Jakai Robinson,Wake Forest
2022-23,0.0,0.0,0.0,0.0,-3.8,acc,-0.1,0.0,0.0,0.0,,0.0,,0.0,,0.0,,0.0,,,,2.0,-3.7,0.0,0.0,0.0,0.0,0.0,filippos-gkogkos-1,0.0,0.0,Guard,0.0,0.0,miami-fl,,0.0,,0.0,0.0,0.0,,,0.0,0.0,,0.0,0.0,,0.0,0.002,Filippos Gkogkos,Wake Forest
2022-23,0.0,0.0,0.0,0.0,-6.5,acc,-3.1,0.0,0.0,0.0,,0.0,,0.0,,0.0,,0.0,,,,2.0,-3.4,0.0,0.0,0.0,0.0,0.0,danilo-jovanovich-1,0.0,0.0,Forward,0.0,0.0,miami-fl,,0.0,,0.0,0.0,0.0,,,0.0,0.0,,0.0,0.0,,0.0,0.002,Danilo Jovanovich,Wake Forest
2022-23,23.0,139.0,1.2,12.0,4.1,acc,0.6,10.2,97.0,1.4,0.463,520.0,0.377,196.0,0.265,138.0,0.696,96.0,,,,1108.0,3.5,2.1,22.0,2.3,78.0,18.8,terquavion-smith-1,578.0,580.0,Guard,2.5,48.0,north-carolina-state,0.512,266.0,0.338,90.0,6.0,119.0,0.494,11.1,73.0,254.0,0.417,106.0,29.3,,3.6,0.132,Terquavion Smith,Wake Forest
2022-23,18.3,121.0,0.3,3.0,5.4,acc,1.2,12.9,131.0,1.4,0.503,449.0,0.434,195.0,0.294,132.0,0.856,113.0,,,,1183.0,4.2,2.4,26.0,3.7,51.0,21.0,jarkel-joiner-1,565.0,557.0,Guard,2.1,44.0,north-carolina-state,0.379,170.0,0.365,62.0,7.5,157.0,0.552,8.7,49.0,279.0,0.477,133.0,23.4,,5.1,0.172,Jarkel Joiner,Wake Forest
2022-23,14.1,51.0,4.1,29.0,4.8,acc,1.7,15.4,100.0,1.1,0.567,330.0,0.567,187.0,0.236,78.0,0.615,48.0,,,,759.0,3.1,8.5,60.0,1.9,96.0,23.8,dj-burns-1,422.0,402.0,Forward,1.7,23.0,north-carolina-state,0.0,0.0,,0.0,11.8,160.0,0.575,14.8,64.0,330.0,0.567,187.0,28.0,,3.0,0.159,D.J. Burns Jr.,Wake Forest
2022-23,4.4,31.0,2.0,22.0,4.9,acc,1.4,9.8,97.0,1.3,0.593,296.0,0.463,137.0,0.176,52.0,0.788,41.0,,,,1155.0,3.5,4.2,45.0,2.9,74.0,16.3,casey-morsell-1,392.0,355.0,Guard,1.8,37.0,north-carolina-state,0.639,189.0,0.407,77.0,6.9,142.0,0.611,6.4,22.0,107.0,0.561,60.0,14.6,,4.2,0.146,Casey Morsell,Wake Forest
2022-23,10.3,35.0,1.7,9.0,7.8,acc,3.5,20.8,103.0,1.1,0.523,175.0,0.446,78.0,0.143,25.0,0.84,21.0,,,,579.0,4.3,8.4,45.0,1.6,48.0,21.6,jack-clarke-1,204.0,212.0,Guard,3.8,38.0,north-carolina-state,0.537,94.0,0.287,27.0,14.4,148.0,0.546,5.6,11.0,81.0,0.63,51.0,16.9,,2.7,0.187,Jack Clark,Wake Forest
2022-23,3.9,9.0,7.5,27.0,0.9,acc,2.6,16.6,54.0,0.7,0.523,88.0,0.5,44.0,0.5,44.0,0.591,26.0,,,,380.0,-1.8,8.5,30.0,0.6,65.0,16.3,ernest-ross-1,118.0,120.0,Forward,2.1,14.0,north-carolina-state,0.227,20.0,0.2,4.0,12.4,84.0,0.542,14.2,18.0,68.0,0.588,40.0,16.5,,1.2,0.13,Ernest Ross,Wake Forest
2022-23,10.4,12.0,3.6,7.0,5.2,acc,1.3,22.4,40.0,0.3,0.643,56.0,0.643,36.0,0.464,26.0,0.577,15.0,,,,209.0,3.8,13.4,26.0,0.7,19.0,25.1,dusan-mahorcic-1,87.0,91.0,Forward,1.6,6.0,north-carolina-state,0.0,0.0,,0.0,17.7,66.0,0.636,14.9,12.0,56.0,0.643,36.0,19.0,,1.0,0.196,Dusan Mahorcic,Wake Forest
2022-23,9.0,16.0,1.1,3.0,2.5,acc,2.5,17.8,43.0,0.5,0.553,57.0,0.474,27.0,0.211,12.0,0.667,8.0,,,,282.0,0.0,7.3,19.0,0.4,29.0,15.0,lj-thomas-1,71.0,78.0,Guard,3.0,15.0,north-carolina-state,0.333,19.0,0.474,9.0,12.3,62.0,0.566,17.2,13.0,38.0,0.474,18.0,13.2,,0.9,0.126,LJ Thomas,Wake Forest
2022-23,0.5,1.0,8.9,26.0,-1.1,acc,2.5,13.1,35.0,0.5,0.467,45.0,0.467,21.0,0.333,15.0,0.467,7.0,,,,311.0,-3.5,7.3,21.0,0.2,49.0,9.9,ebenezer-dowuona-1,49.0,54.0,Forward,0.9,5.0,north-carolina-state,0.0,0.0,,0.0,10.1,56.0,0.47,10.3,6.0,45.0,0.467,21.0,9.2,,0.7,0.085,Ebenezer Dowuona,Wake Forest
2022-23,5.8,8.0,0.5,1.0,-2.8,acc,1.4,10.4,19.0,0.3,0.424,46.0,0.37,17.0,0.109,5.0,1.0,5.0,,,,214.0,-4.2,2.5,5.0,-0.2,15.0,6.3,breon-pass-1,44.0,44.0,Guard,2.9,11.0,north-carolina-state,0.457,21.0,0.238,5.0,6.3,24.0,0.455,24.9,16.0,25.0,0.48,12.0,14.8,,0.1,0.023,Breon Pass,Wake Forest
2022-23,3.1,8.0,2.8,10.0,1.3,acc,2.9,20.6,68.0,0.7,0.452,42.0,0.429,18.0,0.167,7.0,0.714,5.0,,,,386.0,-1.6,8.7,31.0,0.2,46.0,10.4,greg-gantt-2,43.0,59.0,Forward,2.8,19.0,north-carolina-state,0.167,7.0,0.286,2.0,14.4,99.0,0.474,20.9,12.0,35.0,0.457,16.0,7.3,,0.9,0.093,Greg Gantt,Wake Forest
2022-23,0.0,0.0,7.1,1.0,-1.0,acc,-1.2,7.8,1.0,0.0,0.5,3.0,0.333,1.0,0.667,2.0,0.5,1.0,,,,15.0,0.3,7.2,1.0,0.0,0.0,9.8,jordan-snell-1,4.0,4.0,Guard,0.0,0.0,north-carolina-state,0.333,1.0,1.0,1.0,7.5,2.0,0.506,20.2,1.0,2.0,0.0,0.0,16.3,,0.0,0.047,Jordan Snell,Wake Forest
2022-23,0.0,0.0,6.3,1.0,-11.7,acc,1.0,20.6,3.0,0.0,0.214,7.0,0.143,1.0,0.0,0.0,,0.0,,,,17.0,-12.7,0.0,0.0,-0.1,0.0,-4.3,chase-graham-1,3.0,3.0,Guard,6.7,2.0,north-carolina-state,1.0,7.0,0.143,1.0,9.9,3.0,0.214,30.0,3.0,0.0,,0.0,29.0,,-0.1,-0.19,Chase Graham,Wake Forest
2022-23,0.0,0.0,0.0,0.0,-26.4,acc,-6.0,9.0,1.0,0.0,0.0,2.0,0.0,0.0,0.0,0.0,,0.0,,,,13.0,-20.4,0.0,0.0,-0.1,2.0,-22.1,kj-keatts-1,0.0,0.0,Guard,0.0,0.0,north-carolina-state,0.5,1.0,0.0,0.0,4.3,1.0,0.0,60.0,3.0,1.0,0.0,0.0,19.0,,-0.1,-0.31,KJ Keatts,Wake Forest
2022-23,0.0,0.0,0.0,0.0,-8.5,acc,0.1,15.6,2.0,0.0,0.0,1.0,0.0,0.0,0.0,0.0,,0.0,,,,15.0,-8.6,0.0,0.0,0.0,2.0,-3.0,alex-nunnally-1,0.0,0.0,Guard,0.0,0.0,north-carolina-state,1.0,1.0,0.0,0.0,7.5,2.0,0.0,0.0,0.0,0.0,,0.0,3.3,,0.0,-0.011,Alex Nunnally,Wake Forest
2022-23,16.5,94.0,0.6,7.0,2.4,acc,0.9,10.3,110.0,1.5,0.452,497.0,0.378,188.0,0.266,132.0,0.765,101.0,,,,1179.0,1.5,1.1,12.0,1.3,61.0,14.5,caleb-love-1,550.0,520.0,Guard,1.7,35.0,north-carolina,0.491,244.0,0.299,73.0,5.7,122.0,0.491,12.5,80.0,253.0,0.455,115.0,27.0,,2.8,0.094,Caleb Love,Wake Forest
2022-23,18.8,106.0,0.2,2.0,6.0,acc,2.4,14.1,147.0,1.6,0.515,409.0,0.438,179.0,0.308,126.0,0.881,111.0,,,,1153.0,3.5,1.9,20.0,3.1,96.0,18.9,rj-davis-1,532.0,512.0,Guard,1.8,36.0,north-carolina,0.425,174.0,0.362,63.0,8.0,167.0,0.567,11.7,62.0,235.0,0.494,116.0,22.9,,4.6,0.161,RJ Davis,Wake Forest
2022-23,10.2,45.0,3.3,33.0,6.6,acc,1.6,22.7,200.0,1.7,0.554,334.0,0.554,185.0,0.626,209.0,0.665,139.0,,,,970.0,5.1,15.2,133.0,3.3,94.0,26.7,armando-bacot-1,509.0,522.0,Forward,1.1,19.0,north-carolina,0.018,6.0,0.0,0.0,19.0,333.0,0.587,14.1,71.0,328.0,0.564,185.0,25.9,,5.0,0.205,Armando Bacot,Wake Forest
2022-23,10.3,50.0,3.7,34.0,4.2,acc,2.6,17.7,145.0,1.3,0.491,232.0,0.422,98.0,0.375,87.0,0.816,71.0,,,,904.0,1.6,4.3,35.0,1.3,70.0,14.6,pete-nance-1,299.0,296.0,Forward,0.6,10.0,north-carolina,0.431,100.0,0.32,32.0,11.0,180.0,0.547,15.7,51.0,132.0,0.5,66.0,17.9,,2.6,0.115,Pete Nance,Wake Forest
2022-23,8.4,50.0,2.5,27.0,5.8,acc,4.0,16.4,157.0,1.8,0.478,209.0,0.411,86.0,0.273,57.0,0.702,40.0,,,,1058.0,1.8,6.1,58.0,1.4,69.0,13.9,rechon-black-1,240.0,259.0,Guard,2.3,42.0,north-carolina,0.411,86.0,0.326,28.0,11.2,215.0,0.508,10.9,29.0,123.0,0.472,58.0,12.5,,3.2,0.119,Leaky Black,Wake Forest
2022-23,4.1,10.0,0.2,1.0,2.3,acc,2.7,11.0,43.0,0.6,0.457,93.0,0.387,36.0,0.409,38.0,0.658,25.0,,,,432.0,-0.3,7.4,29.0,0.6,55.0,11.4,puff-johnson-1,110.0,114.0,Guard,2.1,16.0,north-carolina,0.495,46.0,0.283,13.0,9.2,72.0,0.495,7.5,9.0,47.0,0.489,23.0,13.8,,1.2,0.111,Puff Johnson,Wake Forest
2022-23,4.0,6.0,2.1,6.0,2.0,acc,2.5,5.2,13.0,0.3,0.515,66.0,0.424,28.0,0.152,10.0,0.6,6.0,,,,276.0,-0.5,2.8,7.0,0.3,31.0,9.7,dmarco-dunn-1,74.0,67.0,Guard,1.5,7.0,north-carolina,0.561,37.0,0.324,12.0,4.0,20.0,0.523,7.8,6.0,29.0,0.552,16.0,13.8,,0.6,0.091,D'Marco Dunn,Wake Forest
2022-23,11.2,21.0,2.7,9.0,-1.8,acc,2.2,8.2,24.0,0.4,0.466,44.0,0.455,20.0,0.705,31.0,0.548,17.0,,,,322.0,-4.1,1.0,3.0,-0.1,41.0,5.8,seth-trimble-1,58.0,62.0,Guard,1.1,6.0,north-carolina,0.136,6.0,0.167,1.0,4.6,27.0,0.494,25.4,20.0,38.0,0.5,19.0,12.2,,0.3,0.042,Seth Trimble,Wake Forest
2022-23,8.6,7.0,2.0,3.0,2.3,acc,0.5,5.1,7.0,0.2,0.45,40.0,0.375,15.0,0.475,19.0,0.842,16.0,,,,150.0,1.8,6.7,9.0,0.4,10.0,15.6,tyler-nickel-1,52.0,53.0,Forward,1.2,3.0,north-carolina,0.675,27.0,0.222,6.0,5.9,16.0,0.53,5.8,3.0,13.0,0.692,9.0,17.3,,0.5,0.143,Tyler Nickel,Wake Forest
2022-23,3.5,2.0,0.9,1.0,-2.8,acc,1.1,23.4,24.0,0.2,0.457,35.0,0.457,16.0,0.486,17.0,0.647,11.0,,,,113.0,-3.9,2.9,3.0,0.0,16.0,11.2,jalen-washington-1,43.0,38.0,Forward,0.5,1.0,north-carolina,0.2,7.0,0.0,0.0,13.2,27.0,0.499,14.0,7.0,28.0,0.571,16.0,22.1,,0.2,0.075,Jalen Washington,Wake Forest
2022-23,4.0,2.0,1.1,1.0,-3.2,acc,-0.1,12.4,10.0,0.1,0.447,19.0,0.368,7.0,0.316,6.0,0.667,4.0,,,,89.0,-3.1,5.0,4.0,0.0,7.0,7.1,dontrez-styles-1,21.0,21.0,Guard,0.6,1.0,north-carolina,0.474,9.0,0.333,3.0,8.7,14.0,0.481,18.6,5.0,10.0,0.4,4.0,15.0,,0.1,0.049,Dontrez Styles,Wake Forest
2022-23,3.1,1.0,6.7,4.0,4.3,acc,1.6,18.7,10.0,0.1,0.538,13.0,0.462,6.0,0.385,5.0,1.0,5.0,,,,59.0,2.8,5.6,3.0,0.1,2.0,17.8,justin-mckoy-1,19.0,18.0,Forward,0.0,0.0,north-carolina,0.462,6.0,0.333,2.0,12.2,13.0,0.618,11.5,2.0,7.0,0.571,4.0,14.7,,0.2,0.152,Justin McKoy,Wake Forest
2022-23,100.0,1.0,0.0,0.0,34.2,acc,6.0,0.0,0.0,0.0,1.5,1.0,1.0,1.0,0.0,0.0,,0.0,,,,3.0,28.3,0.0,0.0,0.1,0.0,66.9,jackson-watkins-1,3.0,3.0,Guard,0.0,0.0,north-carolina,1.0,1.0,1.0,1.0,0.0,0.0,1.5,0.0,0.0,0.0,,0.0,16.6,,0.1,0.836,Jackson Watkins,Wake Forest
2022-23,100.0,1.0,0.0,0.0,2.9,acc,19.6,0.0,0.0,0.0,0.333,3.0,0.333,1.0,0.0,0.0,,0.0,,,,3.0,-16.7,0.0,0.0,0.0,1.0,32.1,creighton-lebo-1,2.0,2.0,Guard,19.2,1.0,north-carolina,0.333,1.0,0.0,0.0,0.0,0.0,0.333,0.0,0.0,2.0,0.5,1.0,49.8,,0.0,0.211,Creighton Lebo,Wake Forest
2022-23,25.9,1.0,0.0,0.0,-1.7,acc,2.8,18.4,1.0,0.0,0.0,1.0,0.0,0.0,2.0,2.0,1.0,2.0,,,,6.0,-4.6,0.0,0.0,0.0,2.0,14.5,will-shaver-1,2.0,2.0,Forward,0.0,0.0,north-carolina,0.0,0.0,,0.0,9.2,1.0,0.513,0.0,0.0,1.0,0.0,0.0,16.2,,0.0,0.205,Will Shaver,Wake Forest
2022-23,0.0,0.0,0.0,0.0,-5.1,acc,-1.1,0.0,0.0,0.0,,0.0,,0.0,,0.0,,0.0,,,,2.0,-3.9,0.0,0.0,0.0,0.0,0.0,duwe-farris-1,0.0,0.0,Forward,0.0,0.0,north-carolina,,0.0,,0.0,0.0,0.0,,,0.0,0.0,,0.0,0.0,,0.0,0.02,Duwe Farris,Wake Forest
2022-23,0.0,0.0,0.0,0.0,-29.0,acc,-9.3,0.0,0.0,0.0,0.0,1.0,0.0,0.0,0.0,0.0,,0.0,,,,3.0,-19.7,0.0,0.0,0.0,0.0,-14.9,rob-landry-1,0.0,0.0,Guard,0.0,0.0,north-carolina,1.0,1.0,0.0,0.0,0.0,0.0,0.0,0.0,0.0,0.0,,0.0,16.6,,0.0,-0.208,Rob Landry,Wake Forest
2022-23,0.0,0.0,0.0,0.0,3.7,acc,5.7,100.0,2.0,0.0,,0.0,,0.0,,0.0,,0.0,,,,2.0,-2.0,0.0,0.0,0.0,0.0,16.3,beau-maye-1,0.0,0.0,Forward,0.0,0.0,north-carolina,,0.0,,0.0,55.3,2.0,,,0.0,0.0,,0.0,0.0,,0.0,0.157,Beau Maye,Wake Forest
2022-23,7.7,42.0,2.2,22.0,3.9,acc,0.1,22.2,201.0,0.8,0.608,283.0,0.509,144.0,0.392,111.0,0.847,94.0,,,,1089.0,3.8,3.2,29.0,3.2,77.0,20.3,nate-laszewski-1,438.0,405.0,Forward,0.8,14.0,notre-dame,0.505,143.0,0.392,56.0,12.7,230.0,0.652,10.6,40.0,140.0,0.629,88.0,19.2,,4.0,0.146,Nate Laszewski,Wake Forest
2022-23,14.4,79.0,1.3,13.0,2.5,acc,0.7,11.8,106.0,0.7,0.505,328.0,0.409,134.0,0.229,75.0,0.827,62.0,,,,1084.0,1.8,2.4,22.0,1.7,72.0,16.2,cormac-ryan-1,393.0,394.0,Guard,2.3,41.0,notre-dame,0.558,183.0,0.344,63.0,7.1,128.0,0.54,11.7,48.0,145.0,0.49,71.0,21.1,,2.4,0.089,Cormac Ryan,Wake Forest
2022-23,11.3,65.0,0.8,8.0,1.3,acc,-0.2,13.6,128.0,0.5,0.506,317.0,0.435,138.0,0.148,47.0,0.83,39.0,,,,1135.0,1.5,3.6,34.0,1.8,65.0,14.9,dane-goodwin-1,360.0,364.0,Guard,1.5,27.0,notre-dame,0.366,116.0,0.388,45.0,8.6,162.0,0.53,8.1,30.0,201.0,0.463,93.0,18.1,,2.4,0.084,Dane Goodwin,Wake Forest
2022-23,8.0,32.0,0.9,7.0,-3.6,acc,-1.6,9.3,64.0,0.3,0.465,297.0,0.421,125.0,0.195,58.0,0.638,37.0,,,,831.0,-2.0,2.2,15.0,0.1,54.0,11.8,jj-starling-1,313.0,291.0,Guard,1.5,20.0,notre-dame,0.293,87.0,0.299,26.0,5.7,79.0,0.482,11.2,41.0,210.0,0.471,99.0,24.4,,0.4,0.02,JJ Starling,Wake Forest
2022-23,19.8,105.0,0.3,3.0,-1.5,acc,-0.7,10.6,86.0,0.4,0.459,243.0,0.366,89.0,0.23,56.0,0.804,45.0,,,,981.0,-0.8,1.0,8.0,0.8,59.0,11.4,trey-wertz-1,268.0,298.0,Guard,1.5,24.0,notre-dame,0.572,139.0,0.324,45.0,5.8,94.0,0.497,15.4,49.0,104.0,0.423,44.0,18.0,,1.2,0.048,Trey Wertz,Wake Forest
2022-23,13.2,39.0,1.1,6.0,2.6,acc,-0.4,10.3,52.0,0.2,0.565,193.0,0.461,89.0,0.15,29.0,0.69,20.0,,,,609.0,3.0,2.0,10.0,1.2,43.0,16.3,marcus-hammond-4,238.0,223.0,Guard,1.2,12.0,notre-dame,0.503,97.0,0.412,40.0,6.1,62.0,0.576,10.0,23.0,96.0,0.51,49.0,21.0,,1.4,0.092,Marcus Hammond,Wake Forest
2022-23,4.3,10.0,5.1,23.0,1.0,acc,-0.1,19.5,79.0,0.4,0.584,131.0,0.58,76.0,0.237,31.0,0.677,21.0,,,,489.0,1.1,10.8,44.0,1.1,49.0,20.3,ven-allen-lubin-1,174.0,177.0,Forward,1.1,9.0,notre-dame,0.084,11.0,0.091,1.0,15.1,123.0,0.597,12.6,21.0,120.0,0.625,75.0,18.9,,1.6,0.127,Ven-Allen Lubin,Wake Forest
2022-23,6.6,5.0,3.1,4.0,-0.4,acc,1.0,18.9,22.0,0.1,0.615,26.0,0.5,13.0,0.115,3.0,0.667,2.0,,,,140.0,-1.4,5.1,6.0,0.2,22.0,11.0,matt-zona-1,34.0,34.0,Forward,0.4,1.0,notre-dame,0.423,11.0,0.545,6.0,12.0,28.0,0.62,20.3,7.0,15.0,0.467,7.0,13.7,,0.2,0.07,Matt Zona,Wake Forest
2022-23,5.0,1.0,3.1,1.0,-9.1,acc,-3.1,24.1,7.0,0.0,0.222,9.0,0.222,2.0,0.778,7.0,0.429,3.0,,,,35.0,-6.0,17.1,5.0,0.0,8.0,7.6,dom-campbell-1,7.0,11.0,Forward,0.0,0.0,notre-dame,0.0,0.0,,0.0,20.6,12.0,0.284,0.0,0.0,9.0,0.222,2.0,19.6,,0.0,0.021,Dom Campbell,Wake Forest
2022-23,0.0,0.0,0.0,0.0,-17.1,acc,1.0,13.4,2.0,0.0,0.0,1.0,0.0,0.0,4.0,4.0,0.25,1.0,,,,18.0,-18.0,0.0,0.0,-0.1,6.0,-11.0,robby-carmody-1,1.0,1.0,Guard,3.4,1.0,notre-dame,0.0,0.0,,0.0,6.7,2.0,0.172,40.8,2.0,1.0,0.0,0.0,15.1,,-0.1,-0.16,Robby Carmody,Wake Forest
2022-23,22.7,1.0,0.0,0.0,-36.1,acc,-11.9,0.0,0.0,0.0,0.0,2.0,0.0,0.0,1.5,3.0,0.333,1.0,,,,7.0,-24.3,0.0,0.0,-0.1,1.0,-27.2,alex-wade-1,1.0,1.0,Guard,0.0,0.0,notre-dame,0.0,0.0,,0.0,0.0,0.0,0.146,36.9,2.0,2.0,0.0,0.0,43.0,,-0.1,-0.523,Alex Wade,Wake Forest
2022-23,0.0,0.0,0.0,0.0,-4.2,acc,3.2,0.0,0.0,0.0,,0.0,,0.0,,2.0,0.0,0.0,,,,7.0,-7.5,17.1,1.0,0.0,0.0,-0.1,tony-sandersjr-1,0.0,1.0,Guard,8.7,1.0,notre-dame,,0.0,,0.0,8.6,1.0,0.0,51.3,1.0,0.0,,0.0,15.5,,0.0,-0.141,Tony Sanders Jr.,Wake Forest
2022-23,7.9,41.0,1.8,17.0,3.7,acc,0.1,16.3,154.0,1.2,0.546,393.0,0.43,169.0,0.323,127.0,0.677,86.0,,,,1048.0,3.5,5.6,50.0,2.5,96.0,18.4,blake-hinson-1,515.0,463.0,Guard,1.2,21.0,pittsburgh,0.603,237.0,0.384,91.0,11.1,204.0,0.568,11.5,59.0,156.0,0.5,78.0,25.0,,3.7,0.141,Blake Hinson,Wake Forest
2022-23,27.1,134.0,0.4,4.0,4.4,acc,0.8,11.5,107.0,1.0,0.521,378.0,0.497,188.0,0.288,109.0,0.835,91.0,,,,1038.0,3.6,4.8,42.0,2.9,62.0,20.3,jamarius-burton-1,485.0,506.0,Guard,1.6,29.0,pittsburgh,0.153,58.0,0.31,18.0,8.2,149.0,0.564,15.4,78.0,320.0,0.531,170.0,25.0,,3.9,0.151,Jamarius Burton,Wake Forest
2022-23,27.8,159.0,0.1,1.0,1.3,acc,-0.2,7.9,75.0,0.8,0.51,294.0,0.415,122.0,0.245,72.0,0.889,64.0,,,,1055.0,1.6,1.1,10.0,2.2,74.0,14.3,nelly-cummings-1,364.0,401.0,Guard,1.3,24.0,pittsburgh,0.534,157.0,0.357,56.0,4.6,85.0,0.555,17.8,71.0,137.0,0.482,66.0,19.4,,3.0,0.113,Nelly Cummings,Wake Forest
2022-23,7.8,40.0,0.7,6.0,5.0,acc,1.4,13.7,117.0,1.0,0.598,244.0,0.447,109.0,0.242,59.0,0.881,52.0,,,,950.0,3.6,1.0,8.0,2.3,47.0,15.9,greg-elliott-1,344.0,296.0,Guard,1.5,24.0,pittsburgh,0.721,176.0,0.42,74.0,7.5,125.0,0.632,9.3,28.0,68.0,0.515,35.0,16.2,,3.3,0.138,Greg Elliott,Wake Forest
2022-23,10.5,41.0,1.2,8.0,3.3,acc,1.0,16.7,111.0,0.9,0.52,220.0,0.432,95.0,0.291,64.0,0.781,50.0,,,,740.0,2.2,2.9,18.0,1.4,46.0,15.8,nike-sibande-1,279.0,259.0,Guard,1.4,18.0,pittsburgh,0.532,117.0,0.333,39.0,10.0,129.0,0.557,11.3,32.0,103.0,0.544,56.0,19.5,,2.3,0.123,Nike Sibande,Wake Forest
2022-23,3.9,17.0,8.0,57.0,4.0,acc,2.3,13.8,100.0,1.1,0.667,141.0,0.667,94.0,0.468,66.0,0.652,43.0,,,,806.0,1.7,12.6,86.0,2.1,89.0,19.3,federiko-federiko-1,231.0,240.0,Center,1.0,14.0,pittsburgh,0.0,0.0,,0.0,13.2,186.0,0.67,14.4,29.0,141.0,0.667,94.0,12.8,,3.2,0.158,Federiko Federiko,Wake Forest
2022-23,10.8,18.0,6.8,18.0,3.9,acc,3.0,17.4,47.0,0.5,0.5,65.0,0.462,30.0,0.631,41.0,0.707,29.0,,,,300.0,0.9,15.3,39.0,0.7,50.0,19.7,guillermo-diaz-graham-1,94.0,113.0,Forward,2.7,14.0,pittsburgh,0.308,20.0,0.25,5.0,16.4,86.0,0.556,19.1,20.0,45.0,0.556,25.0,17.8,,1.2,0.162,Guillermo Diaz Graham,Wake Forest
2022-23,8.0,12.0,6.5,15.0,4.5,acc,3.7,19.8,46.0,0.5,0.398,64.0,0.313,20.0,0.656,42.0,0.738,31.0,,,,259.0,0.8,7.3,16.0,0.4,28.0,17.8,jorge-diaz-graham-1,82.0,87.0,Forward,3.4,15.0,pittsburgh,0.5,32.0,0.344,11.0,13.7,62.0,0.488,10.6,10.0,32.0,0.281,9.0,18.6,,0.9,0.146,Jorge Diaz Graham,Wake Forest
2022-23,8.1,6.0,4.6,6.0,-1.2,acc,0.4,12.2,16.0,0.2,0.533,46.0,0.478,22.0,0.457,21.0,0.714,15.0,,,,146.0,-1.7,10.5,13.0,0.2,22.0,15.7,john-hugley-1,64.0,63.0,Forward,1.2,3.0,pittsburgh,0.217,10.0,0.5,5.0,11.4,29.0,0.572,22.2,16.0,36.0,0.472,17.0,25.2,,0.3,0.096,John Hugley IV,Wake Forest
2022-23,5.8,7.0,1.1,2.0,-3.0,acc,1.0,16.0,30.0,0.3,0.336,58.0,0.293,17.0,0.19,11.0,0.636,7.0,,,,209.0,-4.0,3.4,6.0,-0.2,18.0,6.1,nate-santos-1,46.0,46.0,Forward,2.2,8.0,pittsburgh,0.552,32.0,0.156,5.0,9.8,36.0,0.364,11.2,8.0,26.0,0.462,12.0,17.4,,0.1,0.022,Nate Santos,Wake Forest
2022-23,0.0,0.0,0.0,0.0,-16.3,acc,-3.8,15.9,3.0,0.0,0.333,6.0,0.333,2.0,0.0,0.0,,0.0,,,,21.0,-12.5,0.0,0.0,-0.1,3.0,-5.0,aidan-fisch-1,4.0,3.0,Forward,0.0,0.0,pittsburgh,0.167,1.0,0.0,0.0,8.2,3.0,0.333,25.0,2.0,5.0,0.4,2.0,19.5,,-0.1,-0.102,Aidan Fisch,Wake Forest
2022-23,0.0,0.0,0.0,0.0,-17.4,acc,-6.1,4.1,1.0,0.0,0.0,7.0,0.0,0.0,1.143,8.0,0.5,4.0,,,,27.0,-11.3,4.4,1.0,-0.1,1.0,-5.4,kj-marshall-1,4.0,4.0,Guard,0.0,0.0,pittsburgh,0.714,5.0,0.0,0.0,4.2,2.0,0.185,0.0,0.0,2.0,0.0,0.0,20.5,,-0.1,-0.114,KJ Marshall,Wake Forest
2022-23,16.6,95.0,0.0,0.0,0.4,acc,-1.8,8.2,84.0,0.4,0.503,439.0,0.403,177.0,0.223,98.0,0.857,84.0,,,,1109.0,2.2,0.6,6.0,1.9,31.0,15.6,joseph-girardiii-1,526.0,485.0,Guard,1.4,26.0,syracuse,0.526,231.0,0.381,88.0,4.6,90.0,0.542,13.8,78.0,208.0,0.428,89.0,25.9,,2.3,0.082,Joseph Girard III,Wake Forest
2022-23,27.3,148.0,0.5,4.0,2.2,acc,0.5,6.2,61.0,0.8,0.467,409.0,0.443,181.0,0.452,185.0,0.751,139.0,,,,1071.0,1.7,1.2,11.0,2.4,67.0,19.7,judah-mintz-1,521.0,531.0,Guard,3.2,59.0,syracuse,0.161,66.0,0.303,20.0,3.8,72.0,0.524,13.3,76.0,343.0,0.469,161.0,27.3,,3.2,0.119,Judah Mintz,Wake Forest
2022-23,9.6,50.0,10.5,87.0,6.6,acc,2.9,23.9,229.0,1.9,0.594,304.0,0.592,180.0,0.461,140.0,0.729,102.0,,,,1041.0,3.7,11.6,101.0,3.2,93.0,27.7,jesse-edwards-1,463.0,458.0,Center,2.5,44.0,syracuse,0.003,1.0,1.0,1.0,18.0,330.0,0.625,14.7,64.0,303.0,0.591,179.0,21.3,,5.1,0.196,Jesse Edwards,Wake Forest
2022-23,6.8,25.0,1.7,9.0,-0.2,acc,-0.2,13.9,86.0,0.6,0.497,190.0,0.447,85.0,0.211,40.0,0.65,26.0,,,,669.0,0.0,6.6,37.0,0.8,34.0,14.4,benny-williams-2,215.0,208.0,Forward,2.0,23.0,syracuse,0.253,48.0,0.396,19.0,10.4,123.0,0.514,12.2,29.0,142.0,0.465,66.0,18.1,,1.3,0.08,Benny Williams,Wake Forest
2022-23,3.9,13.0,1.7,8.0,-1.5,acc,-1.0,8.5,47.0,0.2,0.511,179.0,0.402,72.0,0.112,20.0,0.8,16.0,,,,599.0,-0.5,1.4,7.0,0.5,44.0,9.7,chris-bell-1,199.0,168.0,Forward,0.7,7.0,syracuse,0.631,113.0,0.345,39.0,5.1,54.0,0.528,10.9,23.0,66.0,0.5,33.0,18.0,,0.7,0.047,Chris Bell,Wake Forest
2022-23,7.8,25.0,3.2,15.0,4.6,acc,1.4,14.3,77.0,0.6,0.698,106.0,0.698,74.0,0.283,30.0,0.567,17.0,,,,585.0,3.2,11.4,56.0,1.4,29.0,20.2,maliq-brown-1,165.0,172.0,Forward,2.6,26.0,syracuse,0.0,0.0,,0.0,12.9,133.0,0.686,16.1,23.0,106.0,0.698,74.0,12.5,,2.1,0.142,Maliq Brown,Wake Forest
2022-23,6.6,19.0,1.6,6.0,1.4,acc,0.9,10.3,46.0,0.3,0.495,107.0,0.383,41.0,0.196,21.0,0.762,16.0,,,,484.0,0.5,1.5,6.0,0.6,26.0,11.6,justin-taylor-3,122.0,112.0,Guard,2.1,17.0,syracuse,0.57,61.0,0.393,24.0,6.1,52.0,0.521,5.6,7.0,46.0,0.37,17.0,13.1,,1.0,0.08,Justin Taylor,Wake Forest
2022-23,24.4,50.0,0.4,1.0,-0.3,acc,1.3,12.2,39.0,0.3,0.5,64.0,0.453,29.0,0.188,12.0,0.833,10.0,,,,347.0,-1.7,2.1,6.0,0.2,21.0,12.3,symir-torrence-1,74.0,92.0,Guard,2.9,17.0,syracuse,0.281,18.0,0.333,6.0,7.4,45.0,0.531,27.2,26.0,46.0,0.5,23.0,14.1,,0.6,0.064,Symir Torrence,Wake Forest
2022-23,9.0,10.0,1.4,2.0,-4.5,acc,0.4,11.1,19.0,0.2,0.354,41.0,0.341,14.0,0.366,15.0,0.867,13.0,,,,185.0,-4.9,7.7,12.0,0.0,25.0,8.6,quadir-copeland-1,42.0,49.0,Guard,2.8,9.0,syracuse,0.22,9.0,0.111,1.0,9.5,31.0,0.436,21.3,13.0,32.0,0.406,13.0,16.8,,0.2,0.033,Quadir Copeland,Wake Forest
2022-23,3.3,4.0,16.4,26.0,1.4,acc,4.6,15.3,28.0,0.3,0.462,26.0,0.462,12.0,0.192,5.0,0.6,3.0,,,,199.0,-3.2,11.4,19.0,0.2,38.0,14.0,mounir-hima-1,27.0,36.0,Center,2.1,7.0,syracuse,0.0,0.0,,0.0,13.4,47.0,0.476,17.5,6.0,26.0,0.462,12.0,8.8,,0.5,0.094,Mounir Hima,Wake Forest
2022-23,24.6,19.0,2.1,2.0,0.7,acc,1.6,12.5,14.0,0.1,0.455,11.0,0.455,5.0,0.636,7.0,0.571,4.0,,,,122.0,-0.9,10.7,11.0,0.1,12.0,11.9,johnbol-ajak-1,14.0,29.0,Center,1.9,4.0,syracuse,0.0,0.0,,0.0,11.6,25.0,0.489,38.6,9.0,11.0,0.455,5.0,9.7,,0.2,0.067,John Bol Ajak,Wake Forest
2022-23,0.0,0.0,0.0,0.0,-35.4,acc,-6.0,18.1,1.0,0.0,0.0,3.0,0.0,0.0,1.333,4.0,0.5,2.0,,,,6.0,-29.4,0.0,0.0,-0.1,0.0,-19.7,anthony-clayton-1,2.0,2.0,Guard,9.8,1.0,syracuse,0.0,0.0,,0.0,9.5,1.0,0.204,29.0,2.0,3.0,0.0,0.0,58.6,,-0.1,-0.497,Anthony Clayton,Wake Forest
2022-23,0.0,0.0,0.0,0.0,-13.5,acc,1.6,15.5,1.0,0.0,0.25,4.0,0.25,1.0,0.0,0.0,,0.0,,,,7.0,-15.1,0.0,0.0,-0.1,0.0,-2.6,niko-ruffin-1,2.0,2.0,Guard,8.4,1.0,syracuse,0.0,0.0,,0.0,8.1,1.0,0.25,20.0,1.0,4.0,0.25,1.0,36.4,,0.0,-0.209,Niko Ruffin,Wake Forest
2022-23,7.4,1.0,6.3,1.0,-5.5,acc,3.9,16.3,3.0,0.0,,0.0,,0.0,,0.0,,0.0,,,,20.0,-9.4,0.0,0.0,0.0,7.0,0.8,peter-carey-1,0.0,1.0,Center,0.0,0.0,syracuse,,0.0,,0.0,8.5,3.0,,,0.0,0.0,,0.0,0.0,,0.0,0.051,Peter Carey,Wake Forest
2022-23,0.0,0.0,0.0,0.0,-16.8,acc,-4.9,0.0,0.0,0.0,,0.0,,0.0,,0.0,,0.0,,,,5.0,-11.9,0.0,0.0,0.0,0.0,-12.4,arthur-cordes-1,0.0,0.0,Guard,0.0,0.0,syracuse,,0.0,,0.0,0.0,0.0,,100.0,1.0,0.0,,0.0,10.2,,0.0,-0.22,Arthur Cordes,Wake Forest
2022-23,0.0,0.0,0.0,0.0,-6.7,acc,-3.5,0.0,0.0,0.0,,0.0,,0.0,,0.0,,0.0,,,,2.0,-3.2,0.0,0.0,0.0,0.0,0.0,shane-feldman-1,0.0,0.0,Guard,0.0,0.0,syracuse,,0.0,,0.0,0.0,0.0,,,0.0,0.0,,0.0,0.0,,0.0,-0.014,Shane Feldman,Wake Forest
2022-23,0.0,0.0,0.0,0.0,-7.3,acc,-4.8,0.0,0.0,0.0,,0.0,,0.0,,0.0,,0.0,,,,1.0,-2.5,0.0,0.0,0.0,0.0,0.0,stephen-keating-1,0.0,0.0,Forward,0.0,0.0,syracuse,,0.0,,0.0,0.0,0.0,,,0.0,0.0,,0.0,0.0,,0.0,-0.014,Stephen Keating,Wake Forest
2022-23,10.4,42.0,1.6,11.0,5.4,acc,1.8,15.0,106.0,1.5,0.523,309.0,0.427,132.0,0.246,76.0,0.724,55.0,,,,895.0,3.6,2.5,18.0,1.7,44.0,17.9,armaan-franklin-1,378.0,326.0,Guard,1.9,27.0,virginia,0.502,155.0,0.381,59.0,8.7,124.0,0.548,7.5,28.0,154.0,0.474,73.0,23.6,,3.2,0.142,Armaan Franklin,Wake Forest
2022-23,6.2,20.0,2.5,15.0,4.1,acc,1.5,17.8,109.0,1.5,0.512,281.0,0.512,144.0,0.363,102.0,0.686,70.0,,,,776.0,2.6,9.7,60.0,1.7,51.0,22.0,jayden-gardner-1,358.0,328.0,Forward,2.3,28.0,virginia,0.007,2.0,0.0,0.0,13.7,169.0,0.543,8.6,31.0,279.0,0.516,144.0,26.4,,3.2,0.167,Jayden Gardner,Wake Forest
2022-23,33.9,169.0,0.5,4.0,4.5,acc,1.8,8.5,67.0,1.5,0.478,249.0,0.41,102.0,0.486,121.0,0.76,92.0,,,,1000.0,2.7,1.6,13.0,2.2,48.0,17.1,kihei-clark-1,330.0,379.0,Guard,2.1,33.0,virginia,0.378,94.0,0.362,34.0,5.0,80.0,0.538,16.1,59.0,155.0,0.439,68.0,20.7,,3.6,0.145,Kihei Clark,Wake Forest
2022-23,32.5,152.0,2.1,15.0,7.1,acc,4.3,9.9,73.0,1.8,0.465,229.0,0.406,93.0,0.341,78.0,0.782,61.0,,,,935.0,2.8,2.0,15.0,1.9,48.0,18.4,reece-beekman-1,274.0,322.0,Guard,3.4,50.0,virginia,0.314,72.0,0.375,27.0,5.9,88.0,0.515,13.1,40.0,157.0,0.42,66.0,18.6,,3.7,0.158,Reece Beekman,Wake Forest
2022-23,11.6,41.0,2.0,11.0,4.0,acc,2.9,18.7,106.0,1.4,0.5,187.0,0.412,77.0,0.294,55.0,0.509,28.0,,,,719.0,1.2,4.9,28.0,0.9,57.0,14.8,ben-vanderplas-1,215.0,209.0,Forward,2.1,24.0,virginia,0.583,109.0,0.303,33.0,11.7,134.0,0.504,8.6,20.0,78.0,0.564,44.0,18.4,,2.3,0.126,Ben Vander Plas,Wake Forest
2022-23,6.9,22.0,0.8,4.0,2.3,acc,1.3,12.0,61.0,0.9,0.558,163.0,0.417,68.0,0.129,21.0,0.714,15.0,,,,643.0,1.0,1.4,7.0,0.7,39.0,11.6,isaac-mckneely-1,197.0,163.0,Guard,1.2,12.0,virginia,0.712,116.0,0.397,46.0,6.7,68.0,0.569,10.8,21.0,47.0,0.468,22.0,17.1,,1.6,0.098,Isaac McKneely,Wake Forest
2022-23,7.7,17.0,10.3,37.0,8.0,acc,6.2,16.5,60.0,1.2,0.669,86.0,0.663,57.0,0.651,56.0,0.786,44.0,,,,461.0,1.8,7.6,28.0,1.4,66.0,23.9,kadin-shedrick-1,159.0,148.0,Forward,3.2,23.0,virginia,0.047,4.0,0.25,1.0,12.0,88.0,0.706,14.4,19.0,82.0,0.683,56.0,16.2,,2.6,0.222,Kadin Shedrick,Wake Forest
2022-23,3.9,7.0,10.3,28.0,3.5,acc,4.7,21.2,58.0,0.8,0.591,55.0,0.545,30.0,0.4,22.0,0.5,11.0,,,,347.0,-1.2,6.5,18.0,0.3,33.0,15.9,ryan-dunn-1,76.0,73.0,Guard,2.0,11.0,virginia,0.273,15.0,0.333,5.0,13.8,76.0,0.581,16.6,13.0,40.0,0.625,25.0,12.8,,1.2,0.135,Ryan Dunn,Wake Forest
2022-23,2.8,2.0,0.9,1.0,-2.6,acc,0.5,15.2,17.0,0.2,0.765,17.0,0.765,13.0,0.941,16.0,0.625,10.0,,,,142.0,-3.1,12.3,14.0,0.3,28.0,12.3,francisco-caffaro-1,36.0,37.0,Center,0.5,1.0,virginia,0.0,0.0,,0.0,13.8,31.0,0.732,24.5,8.0,17.0,0.765,13.0,13.0,,0.5,0.137,Francisco Caffaro,Wake Forest
2022-23,7.8,3.0,3.6,2.0,-6.9,acc,0.3,19.7,11.0,0.1,0.281,16.0,0.25,4.0,0.25,4.0,0.75,3.0,,,,71.0,-7.2,0.0,0.0,-0.1,5.0,3.4,taine-murray-1,12.0,12.0,Guard,0.0,0.0,virginia,0.688,11.0,0.091,1.0,9.8,11.0,0.335,10.1,2.0,5.0,0.6,3.0,15.9,,0.0,0.011,Taine Murray,Wake Forest
2022-23,30.8,4.0,0.0,0.0,-9.1,acc,-3.9,0.0,0.0,0.0,0.429,7.0,0.286,2.0,0.429,3.0,0.333,1.0,,,,25.0,-5.2,0.0,0.0,0.0,3.0,3.5,chase-coleman-1,7.0,8.0,Guard,0.0,0.0,virginia,0.714,5.0,0.4,2.0,0.0,0.0,0.415,19.2,2.0,2.0,0.0,0.0,23.7,,0.0,0.002,Chase Coleman,Wake Forest
2022-23,0.0,0.0,0.0,0.0,-18.3,acc,-10.0,50.8,4.0,0.0,0.25,4.0,0.25,1.0,1.0,4.0,0.25,1.0,,,,10.0,-8.3,37.5,3.0,0.0,2.0,12.3,tristan-how-1,3.0,5.0,Forward,0.0,0.0,virginia,0.0,0.0,,0.0,44.1,7.0,0.254,0.0,0.0,4.0,0.25,1.0,33.5,,0.0,0.054,Tristan How,Wake Forest
2022-23,13.6,57.0,4.5,39.0,7.6,acc,1.0,16.6,131.0,1.1,0.604,396.0,0.523,207.0,0.225,89.0,0.708,63.0,,,,922.0,6.6,5.9,44.0,3.1,81.0,25.6,grant-basile-1,541.0,478.0,Forward,1.0,15.0,virginia-tech,0.412,163.0,0.393,64.0,11.4,175.0,0.617,11.1,55.0,233.0,0.614,143.0,28.5,,4.2,0.183,Grant Basile,Wake Forest
2022-23,20.0,125.0,0.5,6.0,2.5,acc,0.6,10.8,108.0,1.2,0.499,416.0,0.418,174.0,0.238,99.0,0.859,85.0,,,,1175.0,1.9,1.4,13.0,2.3,90.0,16.6,sean-pedulla-1,500.0,495.0,Guard,2.1,41.0,virginia-tech,0.457,190.0,0.353,67.0,6.2,121.0,0.54,13.0,69.0,226.0,0.473,107.0,24.1,,3.5,0.118,Sean Pedulla,Wake Forest
2022-23,27.4,150.0,2.6,26.0,7.3,acc,3.0,19.5,176.0,1.7,0.582,310.0,0.561,174.0,0.313,97.0,0.619,60.0,,,,1060.0,4.3,7.1,61.0,2.6,81.0,22.4,justyn-mutts-1,421.0,472.0,Forward,2.7,48.0,virginia-tech,0.126,39.0,0.333,13.0,13.4,237.0,0.591,20.2,90.0,271.0,0.594,161.0,22.4,,4.3,0.161,Justyn Mutts,Wake Forest
2022-23,12.0,69.0,0.4,4.0,3.7,acc,1.0,12.1,102.0,1.0,0.591,231.0,0.429,99.0,0.221,51.0,0.765,39.0,,,,989.0,2.6,1.0,8.0,2.1,52.0,15.0,hunter-cattoor-1,312.0,289.0,Guard,1.8,29.0,virginia-tech,0.766,177.0,0.424,75.0,6.7,110.0,0.611,9.6,27.0,54.0,0.444,24.0,15.2,,3.1,0.125,Hunter Cattoor,Wake Forest
2022-23,6.5,22.0,1.3,7.0,0.1,acc,0.0,7.3,37.0,0.4,0.433,171.0,0.374,64.0,0.14,24.0,0.875,21.0,,,,590.0,0.1,5.4,26.0,0.6,35.0,10.6,darius-maddox-2,169.0,168.0,Guard,1.1,11.0,virginia-tech,0.363,62.0,0.323,20.0,6.4,63.0,0.463,6.2,12.0,109.0,0.404,44.0,17.6,,1.0,0.068,Darius Maddox,Wake Forest
2022-23,9.9,21.0,3.8,15.0,4.3,acc,1.7,22.8,82.0,0.6,0.658,114.0,0.658,75.0,0.254,29.0,0.586,17.0,,,,421.0,2.5,9.6,33.0,1.2,53.0,22.1,lynn-kidd-1,167.0,159.0,Center,1.3,9.0,virginia-tech,0.0,0.0,,0.0,16.4,115.0,0.653,14.1,21.0,114.0,0.658,75.0,18.8,,1.8,0.171,Lynn Kidd,Wake Forest
2022-23,8.9,45.0,0.0,0.0,-2.0,acc,-0.1,8.9,62.0,0.5,0.417,139.0,0.353,49.0,0.216,30.0,0.8,24.0,,,,817.0,-1.8,2.4,16.0,0.5,44.0,6.7,mj-collins-1,140.0,154.0,Guard,0.7,10.0,virginia-tech,0.482,67.0,0.269,18.0,5.7,78.0,0.457,10.5,18.0,72.0,0.431,31.0,11.2,,1.0,0.048,MJ Collins,Wake Forest
2022-23,6.0,10.0,1.8,5.0,1.4,acc,0.4,15.1,38.0,0.3,0.654,52.0,0.654,34.0,1.269,66.0,0.742,49.0,,,,294.0,0.9,11.7,28.0,1.1,48.0,20.4,mylyjael-poteat-1,117.0,120.0,Forward,1.0,5.0,virginia-tech,0.0,0.0,,0.0,13.5,66.0,0.702,16.1,16.0,52.0,0.654,34.0,18.0,,1.4,0.193,Mylyjael Poteat,Wake Forest
2022-23,7.7,6.0,1.6,2.0,1.7,acc,1.0,16.4,19.0,0.2,0.467,45.0,0.333,15.0,0.222,10.0,0.8,8.0,,,,136.0,0.7,0.9,1.0,0.1,7.0,13.7,rodney-rice-2,50.0,45.0,Guard,2.6,6.0,virginia-tech,0.733,33.0,0.364,12.0,8.8,20.0,0.503,10.8,6.0,12.0,0.25,3.0,21.9,,0.3,0.086,Rodney Rice,Wake Forest
2022-23,3.5,4.0,1.2,2.0,-5.7,acc,-2.0,10.2,16.0,0.1,0.333,36.0,0.25,9.0,0.25,9.0,0.556,5.0,,,,183.0,-3.7,4.0,6.0,0.0,17.0,3.3,john-camden-1,29.0,31.0,Forward,0.0,0.0,virginia-tech,0.722,26.0,0.231,6.0,7.2,22.0,0.36,4.7,2.0,10.0,0.3,3.0,12.3,,0.1,0.017,John Camden,Wake Forest
2022-23,0.0,0.0,0.0,0.0,-9.8,acc,-0.7,19.5,1.0,0.0,0.5,2.0,0.5,1.0,0.0,0.0,,0.0,,,,6.0,-9.1,0.0,0.0,0.0,1.0,9.2,owyn-dawyot-1,2.0,1.0,Guard,0.0,0.0,virginia-tech,0.5,1.0,0.0,0.0,10.0,1.0,0.5,0.0,0.0,1.0,1.0,1.0,17.8,,0.0,0.065,Owyn Dawyot,Wake Forest
2022-23,23.5,4.0,0.0,0.0,-3.0,acc,-0.6,14.1,3.0,0.0,0.0,3.0,0.0,0.0,0.667,2.0,0.5,1.0,,,,25.0,-2.3,14.8,3.0,0.0,2.0,5.9,camden-johnson-1,1.0,5.0,Guard,0.0,0.0,virginia-tech,0.333,1.0,0.0,0.0,14.4,6.0,0.127,20.2,1.0,2.0,0.0,0.0,10.6,,0.0,0.025,Camden Johnson,Wake Forest
2022-23,0.0,0.0,0.0,0.0,-28.9,acc,-10.0,0.0,0.0,0.0,0.0,2.0,0.0,0.0,0.0,0.0,,0.0,,,,6.0,-18.9,0.0,0.0,-0.1,0.0,-26.0,michael-ward-2,0.0,0.0,Guard,0.0,0.0,virginia-tech,0.5,1.0,0.0,0.0,0.0,0.0,0.0,33.3,1.0,1.0,0.0,0.0,26.7,,-0.1,-0.423,Michael Ward,Wake Forest
2022-23,34.6,212.0,0.2,2.0,5.9,acc,1.0,9.4,100.0,1.3,0.515,436.0,0.427,186.0,0.484,211.0,0.82,173.0,,,,1210.0,5.0,1.4,14.0,3.8,74.0,21.8,tyree-appleby-1,622.0,679.0,Guard,2.7,58.0,wake-forest,0.491,214.0,0.36,77.0,5.5,114.0,0.58,17.4,113.0,222.0,0.491,109.0,27.5,,5.1,0.168,Tyree Appleby,Wake Forest
2022-23,17.3,94.0,0.5,5.0,1.8,acc,1.3,15.6,142.0,1.2,0.497,314.0,0.465,146.0,0.414,130.0,0.738,96.0,,,,1042.0,0.5,3.7,32.0,1.7,81.0,16.2,cameron-hildreth-1,408.0,424.0,Guard,2.2,41.0,wake-forest,0.194,61.0,0.328,20.0,9.8,174.0,0.543,16.5,74.0,253.0,0.498,126.0,22.1,,2.9,0.11,Cameron Hildreth,Wake Forest
2022-23,5.1,16.0,1.2,7.0,6.3,acc,0.5,16.0,91.0,0.8,0.58,280.0,0.425,119.0,0.136,38.0,0.868,33.0,,,,651.0,5.7,1.3,7.0,1.5,49.0,20.1,damari-monsanto-1,358.0,292.0,Forward,2.3,26.0,wake-forest,0.768,215.0,0.405,87.0,8.8,98.0,0.601,9.4,31.0,65.0,0.492,32.0,25.9,,2.3,0.141,Damari Monsanto,Wake Forest
2022-23,6.9,38.0,3.2,31.0,3.2,acc,1.4,15.4,140.0,1.2,0.549,274.0,0.489,134.0,0.241,66.0,0.773,51.0,,,,1039.0,1.8,6.6,57.0,1.8,82.0,16.1,andrew-carr-2,352.0,347.0,Forward,1.8,32.0,wake-forest,0.387,106.0,0.311,33.0,11.1,197.0,0.576,13.6,48.0,168.0,0.601,101.0,17.4,,3.1,0.118,Andrew Carr,Wake Forest
2022-23,4.9,22.0,0.0,0.0,0.2,acc,-0.6,7.2,52.0,0.4,0.511,232.0,0.388,90.0,0.168,39.0,0.872,34.0,,,,823.0,0.8,1.3,9.0,0.9,33.0,9.9,daivien-williamson-1,271.0,239.0,Guard,0.7,10.0,wake-forest,0.638,148.0,0.385,57.0,4.3,61.0,0.541,10.1,28.0,84.0,0.393,33.0,17.3,,1.3,0.063,Daivien Williamson,Wake Forest
2022-23,3.6,10.0,1.2,6.0,4.3,acc,0.9,19.9,95.0,0.5,0.883,94.0,0.883,83.0,0.457,43.0,0.419,18.0,,,,546.0,3.4,7.0,32.0,1.7,53.0,19.3,matthew-marsh-1,184.0,158.0,Forward,0.5,5.0,wake-forest,0.0,0.0,,0.0,13.6,127.0,0.804,8.8,11.0,94.0,0.883,83.0,11.8,,2.3,0.165,Matthew Marsh,Wake Forest
2022-23,6.7,26.0,3.2,20.0,0.9,acc,1.2,19.4,115.0,0.8,0.5,150.0,0.407,61.0,0.233,35.0,0.743,26.0,,,,678.0,-0.3,6.2,35.0,0.6,65.0,12.0,bobi-klintman-1,176.0,184.0,Forward,1.3,15.0,wake-forest,0.507,76.0,0.368,28.0,13.0,150.0,0.528,16.1,32.0,74.0,0.446,33.0,15.0,,1.5,0.086,Bobi Klintman,Wake Forest
2022-23,2.1,3.0,5.4,13.0,-2.5,acc,0.7,14.4,33.0,0.3,0.757,37.0,0.757,28.0,0.784,29.0,0.345,10.0,,,,261.0,-3.2,9.2,20.0,0.2,45.0,11.1,davion-bradford-1,66.0,65.0,Forward,0.2,1.0,wake-forest,0.0,0.0,,0.0,11.9,53.0,0.65,25.1,17.0,37.0,0.757,28.0,13.3,,0.5,0.077,Davion Bradford,Wake Forest
2022-23,2.8,3.0,1.2,2.0,-1.9,acc,1.0,10.0,16.0,0.2,0.417,36.0,0.361,13.0,0.389,14.0,0.643,9.0,,,,183.0,-2.9,6.6,10.0,0.1,26.0,7.7,zach-keller-1,39.0,42.0,Forward,2.2,7.0,wake-forest,0.556,20.0,0.2,4.0,8.3,26.0,0.457,12.3,6.0,16.0,0.563,9.0,13.6,,0.3,0.058,Zach Keller,Wake Forest
2022-23,15.3,13.0,1.5,2.0,-2.6,acc,0.8,8.9,11.0,0.1,0.406,32.0,0.281,9.0,0.0,0.0,,0.0,,,,142.0,-3.4,0.8,1.0,-0.1,13.0,5.0,lucas-taylor-1,26.0,30.0,Guard,1.6,4.0,wake-forest,0.625,20.0,0.4,8.0,4.9,12.0,0.406,20.0,8.0,12.0,0.083,1.0,14.4,,0.1,0.015,Lucas Taylor,Wake Forest
2022-23,17.9,5.0,2.2,1.0,-13.6,acc,-5.3,11.4,5.0,0.0,0.367,15.0,0.333,5.0,0.533,8.0,0.875,7.0,,,,50.0,-8.3,4.8,2.0,-0.1,4.0,4.1,jao-ituka-1,18.0,20.0,Guard,0.0,0.0,wake-forest,0.2,3.0,0.333,1.0,8.2,7.0,0.479,34.7,10.0,12.0,0.333,4.0,29.5,,-0.1,-0.061,Jao Ituka,Wake Forest
2022-23,0.0,0.0,0.0,0.0,22.0,acc,1.1,45.7,2.0,0.0,1.0,3.0,1.0,3.0,0.0,0.0,,0.0,,,,5.0,21.0,24.0,1.0,0.1,0.0,74.9,grant-vanbeveren-1,6.0,3.0,Forward,0.0,0.0,wake-forest,0.0,0.0,,0.0,35.1,3.0,1.0,0.0,0.0,3.0,1.0,3.0,30.7,,0.1,0.488,Grant Van Beveren,Wake Forest
2022-23,27.6,1.0,15.6,1.0,3.1,acc,1.9,0.0,0.0,0.0,0.5,2.0,0.5,1.0,0.0,0.0,,0.0,,,,7.0,1.2,17.2,1.0,0.0,2.0,21.4,rj-kennah-1,2.0,3.0,Guard,0.0,0.0,wake-forest,0.0,0.0,,0.0,8.4,1.0,0.5,0.0,0.0,2.0,0.5,1.0,14.6,,0.0,0.203,RJ Kennah,Wake Forest
2022-23,30.3,1.0,0.0,0.0,-55.4,acc,-19.3,22.9,1.0,0.0,0.0,4.0,0.0,0.0,0.0,0.0,,0.0,,,,5.0,-36.1,0.0,0.0,-0.1,0.0,-36.4,kevin-dunn-2,0.0,1.0,Guard,0.0,0.0,wake-forest,0.75,3.0,0.0,0.0,11.7,1.0,0.0,20.0,1.0,1.0,0.0,0.0,51.2,,-0.1,-0.675,Kevin Dunn,Wake Forest
2022-23,0.0,0.0,0.0,0.0,-9.4,acc,-2.1,0.0,0.0,0.0,,0.0,,0.0,,0.0,,0.0,,,,5.0,-7.3,0.0,0.0,0.0,1.0,-3.3,owen-kmety-1,0.0,0.0,Forward,0.0,0.0,wake-forest,,0.0,,0.0,0.0,0.0,,,0.0,0.0,,0.0,0.0,,0.0,0.007,Owen Kmety,Wake Forest
2022-23,0.0,0.0,0.0,0.0,-25.5,acc,-7.3,22.9,1.0,0.0,,0.0,,0.0,,0.0,,0.0,,,,5.0,-18.3,0.0,0.0,-0.1,0.0,-20.9,xiaolong-xu-1,0.0,0.0,Guard,0.0,0.0,wake-forest,,0.0,,0.0,11.7,1.0,,100.0,2.0,0.0,,0.0,20.5,,0.0,-0.367,Xiaolong Xu,Wake Forest
